Formato,Zona,Distrito,Suc SAP,Sucursal,Calle,Colonia,Municipio,Estado,Ciudad,CP,var_ventas,var_ov,var_ticket,month,latitud,longitud
Devlyn,Centro,Distrito 6,A828,GALERIAS URUAPAN, Blvd. Industrial,El Colorin Norte,Uruapan,Michoacán de Ocampo,Uruapan,60120,28.4,22.5,4.9,Febrero,19.4147269,-102.0522647
Devlyn,Noroeste,Distrito 5,B914,DELYN ZENTRALIA (COLIMA),3ER ANILLO PERIFERICO NORTE,Bugambilias,Colima,Colima,Colima,28017,19.8,-2.0,22.3,Febrero,19.2433991,-103.7280738
Devlyn,Sur,Distrito 4,A836,DEVLYN CHEDRAUI (TAPACHULA),4TA AV SUR PROLONG C LAS PALOMAS,Cantarranas,TAPACHULA DE CÓRDOVA Y ORDÓÑEZ,Chiapas,Tapachula de Córdova y Ordóñez,30797,-1.4,-4.6,3.3,Febrero,14.9042905,-92.2609265
Devlyn,Centro,Distrito 6,B008,LEON CENTRO II,05 DE MAYO,Centro,León,Guanajuato,León de los Aldama,37000,-27.9,-28.2,0.5,Febrero,21.121965,-101.6829766
Coppel,Centro,Distrito 5,A551,COPPEL CELAYA,12 DE OCTUBRE,Los Sauces,Celaya,Guanajuato,Celaya,38027,-42.8,87.5,-69.5,Febrero,20.533795125699353,-100.83526851726776
Sears,Noroeste,Distrito 3,B319,SEARS CENTRO (LA PAZ),16 DE SEPTIEMBRE,Zona Central,La Paz,Baja California Sur,La Paz,23000,171.0,90.0,42.6,Febrero,24.1619948,-110.3158532
Devlyn,Centro,Distrito 6,A823,LA PIEDAD CENTRO,25 DE JULIO,Centro,La Piedad,Michoacán de Ocampo,La Piedad de Cabadas,59300,14.1,-13.6,32.0,Febrero,20.3429949,-102.031124
Coppel,Sur,Distrito 3,A609,COPPEL CARDENAS CENTRO (TABASCO),ABRAHAM BANDALA,Cárdenas Centro,Cárdenas,Tabasco,Cárdenas,86500,-25.6,17.5,-36.6,Febrero,18.169369500000002,-93.70522924168885
Devlyn,Noreste,Distrito 2,A947,ADUANA I CENTRO (TAMPICO),ADUANA,Tampico Centro,Tampico,Tamaulipas,Tampico,89000,-13.5,-6.7,-7.2,Febrero,22.27010965,-97.89486735598555
Devlyn,Noreste,Distrito 5,A957,SALTILLO CENTRO,ALLENDE,Saltillo Centro,Saltillo,Coahuila de Zaragoza,Saltillo,25000,-6.4,-7.2,0.9,Febrero,25.4230425,-100.9927509
Devlyn,Sur,Distrito 6,A988,MEGA SORIANA (XALAPA),AUTOP ADOLFO RUIZA CORTINEZ,Progreso Macuiltepetl,Xalapa,Veracruz de Ignacio de la Llave,Xalapa-Enríquez,91130,13.1,39.1,-18.7,Febrero,19.5408338,-96.9146374
Devlyn,Metropolitana,Distrito 4,A762,GALERIAS CUERNAVACA,AUTOP MEXICO CUERNAVACA KM 87.850,Ricardo Flores Magón,Cuernavaca,Morelos,Cuernavaca,62370,-1.2,-1.8,0.6,Febrero,18.93313205,-99.25995794657074
Devlyn,Metropolitana,Distrito 4,B630,AVERANDA,AUTOP MEXICO- ACAPULCO KM 73+573,Ricardo Flores Magón,Cuernavaca,Morelos,Cuernavaca,62370,-17.0,-11.4,-6.3,Febrero,18.93313205,-99.25995794657074
Sears,Metropolitana,Distrito 4,B857,SEARS AVERANDA,AUTOP MEXICO- ACAPULCOKM 8750,Flores Magón 2a Fracción,Cuernavaca,Morelos,Cuernavaca,62373,-0.3,15.2,-13.4,Febrero,18.93313205,-99.25995794657074
Devlyn,Centro,Distrito 4,B872,EXPLANADA PACHUCA,AUTOP MEXICO-PACHUCA,Privada Santa Prisca,Pachuca de Soto,Hidalgo,Pachuca de Soto,42083,12.0,11.9,0.1,Febrero,20.10451,-98.78892237167076
Devlyn,Centro,Distrito 2,A902,LUNA PARC,AV 1 DE MAYO,Elite Plaza,Cuautitlán Izcalli,Estado de México,Cuautitlán Izcalli,54700,20.2,4.2,15.4,Febrero,19.6531356,-99.2145002
Sears,Centro,Distrito 2,B750,SEARS CUAUTITLAN 1o MAYO,AV 1 DE MAYO,Elite Plaza,Cuautitlán Izcalli,Estado de México,Cuautitlán Izcalli,54700,14.6,-13.9,33.1,Febrero,19.6531356,-99.2145002
Devlyn,Sur,Distrito 4,B613,COMITAN CENTRO,AV 4 A NORTE PONIENTE,Candelaria,Comitán de Domínguez,Chiapas,Comitán de Domínguez,30060,-45.8,-5.7,-42.5,Febrero,16.2441097,-92.1348514
Devlyn,Metropolitana,Distrito 1,B019,DEVLYN CHEDRAUI NEZA,AV 4TA AVENIDA,Rey Nezahualcóyotl,Nezahualcóyotl,Estado de México,Ciudad Nezahualcóyotl,57809,-18.4,1.1,-19.2,Febrero,19.4079028,-99.0181547
Devlyn,Sur,Distrito 4,A894,PLAZA DEL SOL TUXTLA,AV 5 A NORTE PONIENTE,Santo Domingo,Tuxtla Gutiérrez,Chiapas,Tuxtla Gutiérrez,29000,117.8,68.8,29.0,Febrero,16.753801,-93.115959
Devlyn,Centro,Distrito 4,A753,QUERETARO LIVERPOOL,AV 5 DE FEBRERO SUR,Los Virreyes,Querétaro,Querétaro,Santiago de Querétaro,76175,13.8,-1.0,15.0,Febrero,20.5922997,-100.3917424
Devlyn,Noreste,Distrito 2,A941,POZARICA CENTRO,AV 6 NORTE,Obrera,Poza Rica de Hidalgo,Veracruz de Ignacio de la Llave,Poza Rica de Hidalgo,93260,-27.5,-18.0,-11.5,Febrero,20.52686869324391,-97.46084978005017
Sears,Noroeste,Distrito 5,B266,SEARS CENTRO (GUADALAJARA),AV 16 DE SEPTIEMBRE,Guadalajara Centro,Guadalajara,Jalisco,Guadalajara,44100,10.3,-6.7,18.3,Febrero,20.67083,-103.3474
Coppel,Metropolitana,Distrito 5,A679,COPPEL 16 DE SEPTIEMBRE ZINACANTEPEC,AV 16 DE SEPTIEMBRE,San Miguel Zinacantepec,Zinacantepec,Estado de México,Tezoyuca,51350,16.9,19.7,-2.4,Febrero,19.5902244,-98.9079359
Devlyn,Sur,Distrito 6,A815,CORDOBA PLAZA CRISTAL,AV 21 AUTOPISTA CORDOBA ORIZABA,Córdoba Centro,Córdoba,Veracruz de Ignacio de la Llave,Córdoba,94500,19.8,-1.9,22.2,Febrero,18.8944704,-96.9352891
Devlyn,Noreste,Distrito 3,B042,SENDERO LINCOLN,AV ABRAHAM LINCOLN,Hacienda Santa Clara,Monterrey,Nuevo León,Monterrey,64346,26.9,-18.6,56.0,Febrero,25.6802019,-100.315258
Devlyn,Metropolitana,Distrito 3,A915,VIA ACOXPA,AV ACOXPA,Vergel de Coyoacán,Tlalpan,Ciudad de México,Ciudad de México,14340,-11.6,-14.9,3.8,Febrero,19.297564749328963,-99.13717496875807
Devlyn,Sur,Distrito 3,A837,DEVLYN CHEDRAUI CARRIZAL (VHSA),AV ADOLFO  RUIZ  CORTINES ,Las Giraldas,Centro,Tabasco,Villahermosa,86038,-26.2,6.7,-30.8,Febrero,17.9884657,-92.9366326
Devlyn,Noroeste,Distrito 5,B901,MID TOWN JALISCO DEVLYN,AV ADOLFO LOPEZ MATEOS,Italia Providencia,Guadalajara,Jalisco,Guadalajara,44648,1.0,-10.6,13.0,Febrero,20.68956665,-103.3773704
Coppel,Sur,Distrito 5,A656,COPPEL COSAMALOAPAN,AV ADOLFO RUIZ CORTINEZ,Cosamaloapan de Carpio Centro,Cosamaloapan de Carpio,Veracruz de Ignacio de la Llave,Cosamaloapan,95400,-35.3,-34.2,-1.5,Febrero,18.364414,-95.7965793
Devlyn,Centro,Distrito 1,A812,SAN MATEO,AV ALCANFORES,Jardines de San Mateo,Naucalpan de Juárez,Estado de México,Naucalpan de Juárez,53240,-11.6,-7.0,-4.9,Febrero,19.4788356,-99.2327986
Devlyn,Noreste,Distrito 3,A959,MTY. HIPERMART,AV ALEJANDRO DE RODAS,Las Cumbres,Monterrey,Nuevo León,Monterrey,64610,13.3,71.9,-34.1,Febrero,25.6802019,-100.315258
Devlyn,Noroeste,Distrito 2,B729,SENDERO CHIHUAHUA   ,AV ALEJANDRO DUMAS,Chihuahua 2000 I Etapa,Chihuahua,Chihuahua,Chihuahua,31136,8.0,4.8,3.1,Febrero,28.6368669,-106.076745
Devlyn,Metropolitana,Distrito 5,A963,TOLUCA CHEDRAUI,AV ALFREDO DEL MAZO,La Cruz Comalco,Toluca,Estado de México,Toluca de Lerdo,50010,4.4,7.2,-2.7,Febrero,19.292545,-99.6569007
Sears,Metropolitana,Distrito 4,B273,CUERNAVACA SEARS,AV ALTA TENSION Y RIO BALSAS,Lomas de Miraval,Cuernavaca,Morelos,Cuernavaca,62270,83.5,58.9,15.5,Febrero,18.93313205,-99.25995794657074
Devlyn,Sur,Distrito 2,A884,PASEO CANCUN,AV ANDRES QUINTANA ROO,Supermanzana 5 Centro,Benito Juárez,Quintana Roo,Cancún,77500,-3.1,-15.7,14.9,Febrero,21.1527467,-86.8425761
Devlyn,Centro,Distrito 3,A996,CHEDRAUI EL ANFORA,AV ANFORA,Azteca,Venustiano Carranza,Ciudad de México,Ciudad de México,15320,-14.6,-9.7,-5.5,Febrero,19.437922709751533,-99.11054639616883
Devlyn,Centro,Distrito 4,B629,PASEO QUERETARO,AV ANILLO VIAL FRAY JUNIPERO CERRA,Paseo San Junípero,Querétaro,Querétaro,Santiago de Querétaro,76146,37.2,38.5,-0.9,Febrero,20.5922997,-100.3917424
Devlyn,Noroeste,Distrito 4,A978,CULIACAN CENTRO,AV ANTONIO ROSALES,Centro,Culiacán,Sinaloa,Culiacán Rosales,80000,-3.7,-16.9,15.9,Febrero,24.7978965,-107.393395
Devlyn,Noroeste,Distrito 4,A834,MAZATLAN GRAN PLAZA,AV APOLO Y REFORMA,Jardines de la Alameda,Mazatlán,Sinaloa,Mazatlán,82123,-10.1,-1.7,-8.6,Febrero,23.2035785,-106.4208391
Devlyn,Centro,Distrito 5,A843,IRAPUATO PLAZA JACARANDAS,AV ARBOLEDAS,Morelos,Irapuato,Guanajuato,Irapuato,36520,-5.3,26.1,-24.9,Febrero,20.67197922854458,-101.37076355747992
Coppel,Centro,Distrito 5,A583,COPPEL JACARANDAS (IRAPUATO),AV ARBOLEDAS,San Pedro,Irapuato,Guanajuato,Irapuato,36520,-36.7,12.8,-43.9,Febrero,20.67197922854458,-101.37076355747992
Coppel,Sur,Distrito 6,A669,COPPEL ATENAS XALAPA,AV ATENAS,Revolución,Xalapa,Veracruz de Ignacio de la Llave,Xalapa-Enríquez,91100,1.0,-19.2,25.1,Febrero,19.565732655508736,-96.91285271208812
Devlyn,Centro,Distrito 1,A792,VALLE  DORADO,AV ATENAS,Valle Dorado,Tlalnepantla de Baz,Estado de México,Tlalnepantla de Baz,54020,-20.3,-34.4,21.5,Febrero,19.5506334877197,-99.2103815701916
Devlyn,Sur,Distrito 3,B438,CIUDAD DEL CARMEN SORIANA,"AV AVIACION, CARRETERA A PUERTO CARMEN",Ciudad del Carmen (Ciudad del Carmen),Carmen,Campeche,Ciudad del Carmen,24119,-21.2,-37.8,26.7,Febrero,18.651739,-91.81492
Devlyn,Noroeste,Distrito 5,A734,GUADALAJARA PLAZA PATRIA II,AV AVILA CAMACHO,Jacarandas,Zapopan,Jalisco,Zapopan,45160,11.5,7.9,3.3,Febrero,20.716622391958772,-103.38202393731157
Devlyn,Centro,Distrito 1,A998,PLAZA AZCAPOTZALCO,AV AZCAPOTZALCO,Centro de Azcapotzalco,Azcapotzalco,Ciudad de México,Ciudad de México,02000,17.8,-7.9,27.9,Febrero,19.4326296,-99.1331785
Devlyn,Noreste,Distrito 1,B035,PLAZA SENDERO SLP,AV BENITO JUAREZ,Estrella de Oriente,San Luis Potosí,San Luis Potosí,San Luis Potosí,78396,8.4,-3.0,11.7,Febrero,22.130738648695136,-100.92584426295893
Devlyn,Noreste,Distrito 1,A952,FRESNILLO ZACATECAS,AV BENITO JUAREZ,Fresnillo Centro,Fresnillo,Zacatecas,Fresnillo,99000,-16.0,-35.1,29.4,Febrero,23.1811278,-102.8729073
Coppel,Sur,Distrito 2,A686,COPPEL EL CARACOL COZUMEL,AV BENITO JUAREZ ENTRE AV 8 DE OCTUBRE Y 70 AV NORTE,Emiliano Zapata,Cozumel,Quintana Roo,Cozumel,77620,-24.7,-36.7,19.0,Febrero,20.4320599,-86.92069058377268
Devlyn,Metropolitana,Distrito 1,A775,CD JARDIN NEZA,AV BORDO DE XOCHIACA,Benito Juárez (La Aurora),Nezahualcóyotl,Estado de México,Ciudad Nezahualcóyotl,57000,-9.3,11.3,-18.5,Febrero,19.4079028,-99.0181547
Sears,Metropolitana,Distrito 1,B749,SEARS JARDIN BORDO XOCHIACA,AV BORDO DE XOCHIACA,Ciudad Jardín,Nezahualcóyotl,Estado de México,Ciudad Nezahualcóyotl,57205,8.0,18.9,-9.2,Febrero,19.4079028,-99.0181547
Devlyn,Noroeste,Distrito 3,A961,CD. OBREGON PLAZA TUTULI,AV CALIFORNIA,Urbanizable 2,Cajeme,Sonora,Ciudad Obregón,85000,8.6,-4.3,13.6,Febrero,27.4846619,-109.9337782
Devlyn,Metropolitana,Distrito 1,B053,GRAN PATIO TEXCOCO,AV CAMINO AL MOLINO DE LAS FLORES,Valle de Santa Cruz,Texcoco,Estado de México,Texcoco de Mora,56120,29.8,43.1,-9.3,Febrero,19.5144327,-98.8821254
Devlyn,Centro,Distrito 4,A754,LIVERPOOL PACHUCA,AV CAMINO REAL DE L APLATA,Media Luna,Pachuca de Soto,Hidalgo,Pachuca de Soto,42080,538.9,361.0,38.6,Febrero,20.10451,-98.78892237167076
Devlyn,Metropolitana,Distrito 3,A806,MIRAMONTES,AV CANAL DE MIRAMONTES,Avante,Coyoacán,Ciudad de México,Ciudad de México,04460,-19.0,-7.3,-12.6,Febrero,19.329256342196675,-99.13710973207961
Devlyn,Metropolitana,Distrito 1,A767,PARQUE TEZONTLE,AV CANAL DE TEZONTLE,Dr. Alfonso Ortiz Tirado,Iztapalapa,Ciudad de México,Ciudad de México,09020,0.3,0.3,-0.1,Febrero,19.381660844417873,-99.08142551712677
Devlyn,Metropolitana,Distrito 1,A802,PLAZA ORIENTE,AV CANAL DE TEZONTLE,Dr. Alfonso Ortiz Tirado,Iztapalapa,Ciudad de México,Ciudad de México,09020,8.5,10.0,-1.3,Febrero,19.381660844417873,-99.08142551712677
Devlyn,Metropolitana,Distrito 1,A773,PLAZA CENTRAL,AV CANAL RIO CHURUBUSCO,Central de Abasto,Iztapalapa,Ciudad de México,Ciudad de México,09040,2.1,-1.0,3.1,Febrero,19.4326296,-99.1331785
Devlyn,Centro,Distrito 2,A769,PLAZA ARAGON II,AV CARLOS HANK GONZALEZ,Jardines de Aragón,Ecatepec de Morelos,Estado de México,Ecatepec de Morelos,55140,26.6,-4.9,33.2,Febrero,19.516150783226898,-99.03602905207644
Devlyn,Centro,Distrito 4,A745,GALERIAS SAN JUAN DEL RIO,AV CARR PANAMERICANA,Centro,San Juan del Río,Querétaro,San Juan del Rio,76800,-14.7,-24.2,12.6,Febrero,20.387046249999997,-100.01196274827622
Coppel,Metropolitana,Distrito 5,A684,COPPEL SANTIAGO TIANGUISTENGO,AV CATARINO GONZALEZ,Guadalupe Rhon de Hank,Tianguistenco,Estado de México,Tezoyuca,52600,-1.4,7.5,-8.2,Febrero,19.5902244,-98.9079359
Devlyn,Sur,Distrito 4,A841,AV.CENTRAL CENTRO (TUXTLA),AV CENTRAL PTE,Santo Domingo,Tuxtla Gutiérrez,Chiapas,Tuxtla Gutiérrez,29000,2.6,2.2,0.4,Febrero,16.753801,-93.115959
Devlyn,Sur,Distrito 6,A785,PLAZA VALLE ORIZABA,AV CIRCUMBALACION,Lago del Ángel Residencial,Orizaba,Veracruz de Ignacio de la Llave,Orizaba,94330,-12.2,-10.3,-2.1,Febrero,18.8497366,-97.1060062
Devlyn,Noroeste,Distrito 5,A857,GRAN TERRAZA OBLATOS,AV CIRCUNVALACION,Oblatos,Guadalajara,Jalisco,Guadalajara,44700,-6.0,25.0,-24.8,Febrero,20.691489722809184,-103.30897729526724
Devlyn,Centro,Distrito 3,A765,PARQUE LINDAVISTA,AV COLECTORES 13,Magdalena de las Salinas,Gustavo A. Madero,Ciudad de México,Ciudad de México,07760,-28.5,-10.7,-19.9,Febrero,19.4326296,-99.1331785
Devlyn,Centro,Distrito 3,B443,PARQUE LINDAVISTA II,AV COLECTORES 13,Magdalena de las Salinas,Gustavo A. Madero,Ciudad de México,Ciudad de México,07760,-13.6,39.8,-38.2,Febrero,19.4326296,-99.1331785
Devlyn,Noroeste,Distrito 2,B052,PARRAL CENTRO,AV COLEGIO,Hidalgo del Parral Centro,Hidalgo del Parral,Chihuahua,Hidalgo del Parral,33800,6.0,6.3,-0.3,Febrero,27.11538475,-105.76428799772901
Devlyn,Noreste,Distrito 3,A903,SENDERO APODACA,AV CONCORDIA,Los Ébanos,Apodaca,Nuevo León,Ciudad Apodaca,66612,4.2,20.0,-13.2,Febrero,25.7816542,-100.1887501
Devlyn,Noroeste,Distrito 1,A962,CONSTITUCION CENTRO TIJUANA,AV CONSTITUCION,Zona Centro,Tijuana,Baja California,Tijuana,22000,12.6,-2.2,15.2,Febrero,32.52651505071543,-117.03753519356427
Devlyn,Noreste,Distrito 4,B175,SENDERO MATAMOROS,AV CONSTITUYENTES,Santa Cruz,Matamoros,Tamaulipas,Heroica Matamoros,87315,55.6,39.7,11.3,Febrero,25.8810158,-97.5064866
Devlyn,Centro,Distrito 4,B764,PUNTO LA VICTORIA,AV CONSTITUYENTES ORIENTE,Observatorio,Querétaro,Querétaro,Santiago de Querétaro,76040,-6.1,-10.9,5.4,Febrero,20.586663147715093,-100.37819126715699
Devlyn,Sur,Distrito 3,A735,ZENTRALIA CD DEL CARMEN,AV CORREGIDORA,FOVISSSTE,Carmen,Campeche,Ciudad del Carmen,24199,-18.9,-19.0,0.2,Febrero,18.651739,-91.81492
Coppel,Sur,Distrito 3,A572,COPPEL AVIACION (CD DEL CARMEN),AV CORREGIDORA S/N,Ciudad del Carmen (Ciudad del Carmen),Carmen,Campeche,Ciudad del Carmen,24119,-74.3,-46.9,-51.7,Febrero,18.65524757351413,-91.81062898280072
Devlyn,Centro,Distrito 3,B737,PARQUE DELTA III,AV CUAHUTEMOC,Narvarte Poniente,Benito Juárez,Ciudad de México,Ciudad de México,03020,39.4,29.6,7.6,Febrero,19.4326296,-99.1331785
Devlyn,Centro,Distrito 3,A880,DELTA CUAUHTEMOC,AV CUAUHTEMOC,Piedad Narvarte,Benito Juárez,Ciudad de México,Ciudad de México,03000,-15.0,8.9,-22.0,Febrero,19.402859699632184,-99.1555599092747
Devlyn,Noroeste,Distrito 4,A747,GALERIAS MAZATLAN,AV DE LA MARINA,Puerta al Mar,Mazatlán,Sinaloa,Mazatlán,82103,12.3,-0.9,13.4,Febrero,23.2035785,-106.4208391
Devlyn,Noroeste,Distrito 2,A873,CD JUAREZ CC LAS TORRES,AV DE LAS TORRES,Cerradas San Mateo,Juárez,Chihuahua,Juárez,32575,-3.0,-13.6,12.3,Febrero,31.7372575,-106.485655
Devlyn,Noroeste,Distrito 5,B431,TEPIC SORIANA LA CIGARRERA,AV DE LOS INSURGENTES,Los Llanitos,Tepic,Nayarit,Tepic,63170,-8.2,31.7,-30.3,Febrero,21.492513178967076,-104.88075987457665
Sears,Noroeste,Distrito 4,B312,SEARS MAZATLAN,AV DEL DELFIN,Mar de Cortes,Mazatlán,Sinaloa,Mazatlán,82130,-7.4,-32.9,38.0,Febrero,23.2035785,-106.4208391
Devlyn,Metropolitana,Distrito 3,B056,GRAN SUR I,AV DEL IMAN,Pedregal de Carrasco,Coyoacán,Ciudad de México,Ciudad de México,04700,-11.9,-8.7,-3.6,Febrero,19.308504051863327,-99.17852733059536
Devlyn,Centro,Distrito 3,B897,ENCUENTRO OCEANIA,AV DEL PEÑON,Moctezuma 2a Sección,Venustiano Carranza,Ciudad de México,Ciudad de México,15530,3.7,12.2,-7.5,Febrero,19.439856952393658,-99.09081495175084
Devlyn,Centro,Distrito 1,A728,EL ROSARIO TOWN CENTER,AV DEL ROSARIO,El Rosario,Azcapotzalco,Ciudad de México,Ciudad de México,02100,0.1,-42.1,73.0,Febrero,19.498227737567177,-99.19343631924272
Coppel,Sur,Distrito 4,A607,COPPEL SAN CRISTOBAL DE LAS CASAS,AV DIAGONAL HERMANOS PANIAGUA,San Ramón,San Cristóbal de las Casas,Chiapas,San Cristóbal de las Casas,29240,11.5,0.0,11.5,Febrero,16.735377,-92.63873
Devlyn,Sur,Distrito 4,A881,PLAZA SAN CRISTÓBAL,AV DIAGONAL HERMANOS PANIAGUA,San Ramón,San Cristóbal de las Casas,Chiapas,San Cristóbal de las Casas,29240,-21.8,-34.2,18.8,Febrero,16.735377,-92.63873
Devlyn,Centro,Distrito 2,A807,IZCALLI PLAZA FIESTA,AV DOCTOR JIMENEZ CANTU,Generalísimo José María Morelos Y Pavón Sección Sur,Cuautitlán Izcalli,Estado de México,Cuautitlán Izcalli,54750,15.3,-13.2,32.8,Febrero,19.6531356,-99.2145002
Devlyn,Centro,Distrito 1,B007,PATIO CLAVERIA,AV EGIPTO,Clavería,Azcapotzalco,Ciudad de México,Ciudad de México,02080,-3.4,5.8,-8.6,Febrero,19.463826766448815,-99.1837138090899
Devlyn,Centro,Distrito 3,A895,FORUM BUENAVISTA,AV EJE 1 NORTE MOSQUETA,Buenavista,Cuauhtémoc,Ciudad de México,Ciudad de México,06350,-32.6,10.8,-39.2,Febrero,19.4326296,-99.1331785
Devlyn,Noreste,Distrito 2,B743,ALTAMA TAMPICO,AV EJERCITO MEXICANO,Primavera,Tampico,Tamaulipas,Tampico,89130,-18.0,-17.3,-1.0,Febrero,22.27010965,-97.89486735598555
Sears,Noreste,Distrito 2,B786,SEARS ALTAMA TAMPICO,AV EJERCITO MEXICANO,Primavera,Tampico,Tamaulipas,Tampico,89130,-4.5,-15.1,12.5,Febrero,22.27010965,-97.89486735598555
Devlyn,Noreste,Distrito 2,B413,TAMPICO SORIANA EJERCITO,AV EJERCITO MEXICANO,Tampico,Tampico,Tamaulipas,Tampico,89137,15.1,5.1,9.5,Febrero,22.2505922300892,-97.86358479810323
Devlyn,Centro,Distrito 3,B651,MIYANA POLANCO,AV EJERCITO NACIONAL,Granada,Miguel Hidalgo,Ciudad de México,Ciudad de México,11520,-7.8,-17.5,11.7,Febrero,19.438003523376945,-99.19349332242771
Devlyn,Noroeste,Distrito 2,A819,DEVLYN CD. JUAREZ,AV EJERCITO NACIONAL Y TECNOLOGICO,Del Márquez,Juárez,Chihuahua,Juárez,32607,-25.4,-26.9,2.0,Febrero,31.7372575,-106.485655
Devlyn,Centro,Distrito 3,A838,CHEDRAUI EDUARDO MOLINA,AV EL COYOL,Nueva Atzacoalco,Gustavo A. Madero,Ciudad de México,Ciudad de México,07420,1.3,-12.8,16.2,Febrero,19.4326296,-99.1331785
Sears,Centro,Distrito 6,B271,SEARS PLAZA LAS AMERICAS MORELIA,AV ENRIQUE RAMIREZ MIGUEL,Américas Britania,Morelia,Michoacán de Ocampo,Morelia,58270,10.9,21.0,-8.3,Febrero,19.6546004,-101.26237972291207
Sears,Sur,Distrito 6,B270,SEARS CENTRO (XALAPA),AV ENRIQUEZ,Xalapa Enríquez Centro,Xalapa,Veracruz de Ignacio de la Llave,Xalapa-Enríquez,91000,-24.9,-8.7,-17.7,Febrero,19.5275159897866,-96.92146697554719
Devlyn,Sur,Distrito 6,A870,XALAPA CENTRO,AV ENRIQUEZ,Xalapa Enríquez Centro,Xalapa,Veracruz de Ignacio de la Llave,Xalapa-Enríquez,91000,-33.6,-9.5,-26.6,Febrero,19.5275159897866,-96.92146697554719
Devlyn,Noroeste,Distrito 5,A777,GALERIAS VALLARTA,AV FCO MEDINA,Educación,Puerto Vallarta,Jalisco,Puerto Vallarta,48338,19.5,17.1,2.1,Febrero,20.6407176,-105.220306
Devlyn,Noreste,Distrito 3,A774,GALERIAS MONTERREY,AV FELIPE BENAVIDES,Vista Hermosa,Monterrey,Nuevo León,Monterrey,64620,68.1,16.6,44.2,Febrero,25.6802019,-100.315258
Sears,Noreste,Distrito 3,B304,SEARS MONTERREY,AV FELIPE BENAVIDES,Vista Hermosa,Monterrey,Nuevo León,Monterrey,64620,67.2,57.6,6.1,Febrero,25.6802019,-100.315258
Sears,Sur,Distrito 6,B268,SEARS CENTRO (VERACRUZ),AV FRANCISCO CANAL,Veracruz Centro,Veracruz,Veracruz de Ignacio de la Llave,Veracruz,91700,-32.1,-20.3,-14.9,Febrero,19.2003429,-96.1383572
Devlyn,Noreste,Distrito 1,B234,SAMS CLUB ZACATECAS WALMART,AV FRANCISCO G SALINAS,Tahona,Zacatecas,Zacatecas,Zacatecas,98097,-54.7,-43.5,-19.8,Febrero,22.7753891,-102.5722706
Devlyn,Metropolitana,Distrito 4,B036,CHILPANCINGO II,AV FRANCISCO I MADERO,Chilpancingo de los Bravos Centro,Chilpancingo de los Bravo,Guerrero,Chilpancingo de los Bravo,39000,-14.7,-4.0,-11.2,Febrero,17.3919748,-99.7428629297313
Coppel,Sur,Distrito 5,A631,COPPEL MADERO (SAN ANDRES TUXTLA),AV FRANCISCO I. MADERO,San Andres Tuxtla Centro,San Andrés Tuxtla,Veracruz de Ignacio de la Llave,San Andrés Tuxtla,95700,-18.4,-20.2,2.2,Febrero,18.4633672,-95.19831533920046
Sears,Centro,Distrito 5,B752,SEARS CELAYA TORRES LANDA,AV GALERIA TECNOLOGICO ES TORRES LANDA,Del Parque,Celaya,Guanajuato,Celaya,38010,-0.7,-25.0,32.4,Febrero,20.522285099999998,-100.83077392892065
Devlyn,Noroeste,Distrito 3,A995,NAVOJOA CENTRO,AV GARCIA MORALES,Sonora Progresista,Navojoa,Sonora,Navojoa,85890,27.0,4.2,21.8,Febrero,27.0721872,-109.4438227
Devlyn,Noroeste,Distrito 4,B484,WALMART MEXICO 68 CULIACAN,AV GENERAL ALVARO OBREGON,Montebello Sección Dalí,Culiacán,Sinaloa,Culiacán Rosales,80227,4.9,11.8,-6.1,Febrero,24.7978965,-107.393395
Devlyn,Sur,Distrito 1,A848,CAMPECHE CHEDRAUI,AV GOBERNADORES,La Paz,Campeche,Campeche,San Francisco de Campeche,24050,-15.4,-0.9,-14.6,Febrero,19.8381215,-90.5198253
Devlyn,Noreste,Distrito 4,B425,DEVLYN SORIANA MATAMOROS,AV GRAL. LAURO VILLAR,Villas del Río,Matamoros,Tamaulipas,Heroica Matamoros,87400,33.1,49.2,-10.8,Febrero,25.8810158,-97.5064866
Devlyn,Metropolitana,Distrito 5,A817,TOLUCA PLAZA LAS AMERICAS,AV GUADALUPE VICTORIA S/N,San Miguel,Metepec,Estado de México,Metepec,52140,-20.6,-8.4,-13.3,Febrero,19.25113375,-99.5937281303492
Devlyn,Noreste,Distrito 4,A946,NUEVO LAREDO CENTRO,AV GUERRERO,Nuevo Laredo Centro,Nuevo Laredo,Tamaulipas,Nuevo Laredo,88000,-23.1,-23.6,0.6,Febrero,27.49341745,-99.50747575
Coppel,Centro,Distrito 2,A637,COPPEL GUSTAVO BAS (ZUMPANGO),AV GUSTAVO BAZ,San Juan,Zumpango,Estado de México,Zumpango,55600,-16.8,22.7,-32.2,Febrero,19.81293675,-99.08180953352705
Devlyn,Noreste,Distrito 3,A714,PLAZA CUMBRES,AV HACIENDA PEÑUELAS,Cerradas de Cumbres,Monterrey,Nuevo León,Monterrey,64349,60.8,45.1,10.8,Febrero,25.6802019,-100.315258
Devlyn,Centro,Distrito 2,A755,C.C. LAS AMERICAS ECATEPEC,AV HANK GONZALEZ,Las Américas,Ecatepec de Morelos,Estado de México,Ecatepec de Morelos,55076,6.7,1.6,5.1,Febrero,19.577086353359967,-99.02477546218452
Devlyn,Centro,Distrito 1,A790,ECHEGARAY,AV HDA. DE EMILIANO ZAPATA,Colón Echegaray,Naucalpan de Juárez,Estado de México,Naucalpan de Juárez,53300,-6.3,-14.9,10.0,Febrero,19.4788356,-99.2327986
Devlyn,Noreste,Distrito 2,A971,CIUDAD VALLES CENTRO,AV HIDALGO,Ciudad Valles Centro,Ciudad Valles,San Luis Potosí,Ciudad Valles,79000,18.3,9.6,7.9,Febrero,22.075792399999997,-99.07337577278943
Sears,Sur,Distrito 5,B277,SEARS CENTRO MINATITLAN,AV HIDALGO,Minatitlan Centro,Minatitlán,Veracruz de Ignacio de la Llave,Minatitlán,96700,-16.3,-13.2,-3.6,Febrero,17.992773,-94.5567103
Devlyn,Noreste,Distrito 4,B017,CD ACUÑA CENTRO,AV HIDALGO OTE,Ciudad Acuña Centro,Acuña,Coahuila de Zaragoza,Ciudad Acuña,26200,-19.9,-31.6,17.1,Febrero,29.3248796,-100.9322287
Coppel,Centro,Distrito 2,A561,COPPEL SAN MIGUEL (CUAUTITLAN IZC.),AV HUEHUETOCA,Jardines de la Hacienda Sur,Cuautitlán Izcalli,Estado de México,Cuautitlán Izcalli,54720,-17.2,-30.4,18.9,Febrero,19.6531356,-99.2145002
Devlyn,Centro,Distrito 2,A859,IZCALLI PLAZA SAN MIGUEL,AV HUEHUETOCA,Tres de Mayo,Cuautitlán Izcalli,Estado de México,Cuautitlán Izcalli,54760,-5.9,-7.8,2.0,Febrero,19.6531356,-99.2145002
Devlyn,Noreste,Distrito 3,B436,SORIANA SAN PEDRO,AV HUMBERTO LOBO,San Pedro Garza García Centro,San Pedro Garza García,Nuevo León,San Pedro Garza García,66200,18.9,11.4,6.7,Febrero,25.65271255,-100.37223790945575
Devlyn,Noroeste,Distrito 2,B861,CD CUAUHTEMOC CENTRO,AV IGNACIO ALLENDE,Ciudad Cuauhtémoc Centro,Cuauhtémoc,Chihuahua,Cuauhtémoc,31500,-98.8,-61.5,-96.9,Febrero,28.4009579,-106.8665305
Devlyn,Metropolitana,Distrito 5,B045,IXTAPAN DE LA SAL CENTRO,AV IGNACIO ALLENDE,Ixtapan de la Sal,Ixtapan de la Sal,Estado de México,Tezoyuca,51900,64.4,125.0,-26.9,Febrero,19.5902244,-98.9079359
Devlyn,Metropolitana,Distrito 2,A933,OAXACA CENTRO,AV INDEPENDENCIA,Oaxaca Centro,Oaxaca de Juárez,Oaxaca,Oaxaca de Juárez,68000,-10.4,-21.0,13.5,Febrero,17.096586799999997,-96.72078156904958
Devlyn,Noroeste,Distrito 4,B004,LOS MOCHIS CENTRO,AV INDEPENDENCIA,Primer Cuadro (Centro),Ahome,Sinaloa,Los Mochis,81200,-7.2,-18.1,13.4,Febrero,25.7928058,-108.990188
Devlyn,Metropolitana,Distrito 2,A874,INDEPENDENCIA CENTRO (TEHUACAN),AV INDEPENDENCIA,Tehuacán Centro,Tehuacán,Puebla,Tehuacán,75700,-17.7,-22.8,6.6,Febrero,18.465801149999997,-97.39783479972402
Devlyn,Noreste,Distrito 4,B414,PIEDRAS NEGRAS SORIANA,AV INDUSTRIAL,Lomas del Mirador,Piedras Negras,Coahuila de Zaragoza,Piedras Negras,26070,-6.9,-17.6,13.0,Febrero,28.704596,-100.5167137
Devlyn,Metropolitana,Distrito 1,B059,SENDERO CHALCO,AV INGENIEROS,Santiago,Valle de Chalco Solidaridad,Estado de México,Valle de Chalco Solidaridad,56615,-2.6,2.4,-4.9,Febrero,19.282153,-98.9416122
Devlyn,Noroeste,Distrito 4,B428,MAZATLAN SORIANA,AV INSURGENTES,Villas del Estero,Mazatlán,Sinaloa,Mazatlán,82156,21.6,-5.3,28.4,Febrero,23.23299154103588,-106.40837519241599
Devlyn,Sur,Distrito 2,A506,C COMERCIAL LAS AMÉRICAS CHETUMAL,AV INSURGENTES KM 5.025,Maya Real,Othón P. Blanco,Quintana Roo,Chetumal,77084,-25.6,-24.5,-1.4,Febrero,18.5081738,-88.297144
Coppel,Sur,Distrito 2,A568,COPPEL CHETUMAL,AV INSURGENTES KM 5.025,Maya Real,Othón P. Blanco,Quintana Roo,Chetumal,77084,-33.1,-35.8,4.2,Febrero,18.5081738,-88.297144
Devlyn,Sur,Distrito 2,B168,LAS AMERICAS CHETUMAL II,AV INSURGENTES KM 5.025,Maya Real,Othón P. Blanco,Quintana Roo,Chetumal,77084,-44.6,-4.9,-41.8,Febrero,18.5081738,-88.297144
Devlyn,Metropolitana,Distrito 3,B854,PATIO TLALPAN,AV INSURGENTES SUR,Santa Úrsula Xitla,Tlalpan,Ciudad de México,Ciudad de México,14420,63.9,35.1,21.3,Febrero,19.28403515182822,-99.17571763225297
Devlyn,Noroeste,Distrito 4,A723,CULIACAN PLAZA FIESTA,AV INSURGENTES Y L. CARDENAS,Jorge Almada,Culiacán,Sinaloa,Culiacán Rosales,80200,-32.5,-19.2,-16.5,Febrero,24.7978965,-107.393395
Sears,Centro,Distrito 2,B913,SEARS ZENTRALIA COACALCO,AV JOSE LOPEZ PORTILLO,Santa María Magdalena Huizachitla,Coacalco de Berriozábal,Estado de México,Coacalco de Berriozabal,55715,26.0,53.8,-18.1,Febrero,19.6359452,-99.0948573
Devlyn,Noreste,Distrito 3,A761,PASEO SAN PEDRO,AV JOSE VASCONCELOS,Jardines Del Valle,San Pedro Garza García,Nuevo León,San Pedro Garza García,66220,-16.6,-3.2,-13.8,Febrero,25.65271255,-100.37223790945575
Devlyn,Sur,Distrito 5,A879,CHEDRAUI ACAYUCAN,AV JUAN DE LA LUZ ENRRIQUE,La Palma,Acayucan,Veracruz de Ignacio de la Llave,Acayucan,96056,40.5,5.1,33.8,Febrero,18.0281048,-95.03593818139205
Coppel,Sur,Distrito 5,A633,COPPEL ENRIQUEZ (ACAYUCAN),AV JUAN DE LA LUZ ENRRIQUE,La Palma,Acayucan,Veracruz de Ignacio de la Llave,Acayucan,96056,21.9,16.2,4.9,Febrero,18.0281048,-95.03593818139205
Devlyn,Centro,Distrito 6,A861,GALERIAS DEL RIO,AV JUAN PABLO II,3 Estrellas,La Piedad,Michoacán de Ocampo,La Piedad de Cabadas,59340,-1.0,16.2,-14.8,Febrero,20.3429949,-102.031124
Devlyn,Sur,Distrito 6,B016,VERACRUZ PLAZA MOCAMBO,AV JUAN PABLO II,Jardines de Virginia,Boca del Río,Veracruz de Ignacio de la Llave,Boca del Río,94294,3.6,20.5,-14.0,Febrero,19.160408387881557,-96.11681667017366
Coppel,Sur,Distrito 6,A599,COPPEL JUAREZ (XALAPA),AV JUAREZ,Xalapa Enríquez Centro,Xalapa,Veracruz de Ignacio de la Llave,Xalapa-Enríquez,91000,-53.5,-25.7,-37.4,Febrero,19.5408338,-96.9146374
Devlyn,Metropolitana,Distrito 1,A981,TEXCOCO CENTRO,AV JUAREZ SUR,Texcoco de Mora Centro,Texcoco,Estado de México,Texcoco de Mora,56100,24.5,30.3,-4.5,Febrero,19.5144327,-98.8821254
Coppel,Metropolitana,Distrito 5,A525,COPPEL JUERZ II (TOLUCA),AV JUAREZ SUR,Toluca De Lerdo Centro,Toluca,Estado de México,Toluca de Lerdo,50000,7.4,-10.0,19.3,Febrero,19.292545,-99.6569007
Coppel,Sur,Distrito 2,A602,COPPEL PLAZA LAS AMERICA PLAYA DEL CARMEN,AV KANTENAH,Calica,Solidaridad,Quintana Roo,Playa del Carmen,77710,-3.5,-20.3,21.1,Febrero,20.6308643,-87.0779503
Devlyn,Sur,Distrito 2,A854,LAS AMERICAS PLAYA DEL CARMEN,AV KANTENAH,Calica,Solidaridad,Quintana Roo,Playa del Carmen,77710,11.8,-3.1,15.5,Febrero,20.6308643,-87.0779503
Sears,Sur,Distrito 2,B289,SEARS PLAYA DEL CARMEN,AV KANTENAH,Calica,Solidaridad,Quintana Roo,Playa del Carmen,77710,13.1,-1.8,15.1,Febrero,20.6308643,-87.0779503
Devlyn,Noroeste,Distrito 5,A766,FORUM TEPIC,AV L D COLOSIO,Benito Juárez Oriente,Tepic,Nayarit,Tepic,63175,42.3,14.7,24.1,Febrero,21.5119156,-104.8915889
Coppel,Centro,Distrito 2,A555,COPPEL PLAZA SAN ANTONIO (CUAUTITLA IZC.),AV LA AURORA,Jardines de la Hacienda Sur,Cuautitlán Izcalli,Estado de México,Cuautitlán Izcalli,54720,-22.8,-28.9,8.6,Febrero,19.6531356,-99.2145002
Devlyn,Sur,Distrito 6,A727,VER. PLAZA LAS AMERICAS,AV LAS AMERICAS,Ylang Ylang,Boca del Río,Veracruz de Ignacio de la Llave,Boca del Río,94298,-8.6,0.6,-9.1,Febrero,19.11290675,-96.11184810632824
Sears,Sur,Distrito 6,B288,VER. SEARS PLAZA LAS AMERICAS,AV LAS AMERICAS,Ylang Ylang,Boca del Río,Veracruz de Ignacio de la Llave,Boca del Río,94298,-33.9,-23.1,-14.0,Febrero,19.11290675,-96.11184810632824
Devlyn,Sur,Distrito 5,B411,COATZACOALCOS SORIANA,AV LAS PALMAS,Guadalupe Victoria,Coatzacoalcos,Veracruz de Ignacio de la Llave,Coatzacoalcos,96520,-49.8,-16.4,-40.0,Febrero,18.1405019,-94.4344003
Devlyn,Cerrada,Cerrada,A938,DEVLYN PLAZA NEZA,AV LAZARO CARDENAS,Benito Juárez (La Aurora),Nezahualcóyotl,Estado de México,Ciudad Nezahualcóyotl,57000,-86.4,-97.3,403.9,Febrero,19.4079028,-99.0181547
Devlyn,Noreste,Distrito 3,A748,PLAZA VALLE ORIENTE,AV LAZARO CARDENAS,Las Canteras,Monterrey,Nuevo León,Monterrey,64750,10.2,-2.8,13.4,Febrero,25.6802019,-100.315258
Coppel,Sur,Distrito 6,A632,COPPEL XALAPA LAZARO CARDENAS,AV LAZARO CARDENAS,Las Jacarandas,Xalapa,Veracruz de Ignacio de la Llave,Xalapa-Enríquez,91157,18.5,20.8,-1.9,Febrero,19.5408338,-96.9146374
Devlyn,Sur,Distrito 6,A803,XALAPA CRISTAL,AV LAZARO CARDENAS,Predio De La Virgen,Xalapa,Veracruz de Ignacio de la Llave,Xalapa-Enríquez,91150,46.0,27.3,14.7,Febrero,19.542486691515414,-96.90858216800791
Devlyn,Noroeste,Distrito 2,A976,LIBERTAD CENTRO (CHIHUAHUA),AV LIBERTAD,Chihuahua Centro,Chihuahua,Chihuahua,Chihuahua,31000,9.8,-19.8,36.9,Febrero,28.6368669,-106.076745
Devlyn,Centro,Distrito 5,A782,LA LUCIERNAGA,AV LIBRAMIENTO J MANUEL ZAVALA,Insurgentes,San Miguel de Allende,Guanajuato,San Miguel de Allende,37745,49.1,14.0,30.8,Febrero,20.9130501,-100.73566002666199
Devlyn,Centro,Distrito 1,A720,LA CUSPIDE,AV LOMAS VERDES,Lomas de Occipaco,Naucalpan de Juárez,Estado de México,Naucalpan de Juárez,53247,-36.8,-24.5,-16.3,Febrero,19.4788356,-99.2327986
Devlyn,Noroeste,Distrito 5,A718,GUDALAJARA PLAZA DEL SOL,AV LOPEZ MATEOS,Ciudad Del Sol,Zapopan,Jalisco,Zapopan,45050,5.9,5.1,0.8,Febrero,20.6471073183234,-103.40643717920119
Devlyn,Noroeste,Distrito 5,B922,GALERIAS SANTA ANITA,AV LOPEZ MATEOS,La Teja,Tlajomulco de Zúñiga,Jalisco,Tlajomulco de Zúñiga,45640,0.6,8.8,-7.6,Febrero,20.48187375,-103.40050966382874
Devlyn,Centro,Distrito 3,B847,PORTAL CENTRO (PATIO BOUTIRINI),AV LORENZO BOUTURINI,Tránsito,Cuauhtémoc,Ciudad de México,Ciudad de México,06820,-14.2,-12.5,-2.0,Febrero,19.4326296,-99.1331785
Devlyn,Noroeste,Distrito 5,A033,PLAZA CARACOL,AV LOS TULES,Los Tules,Puerto Vallarta,Jalisco,Puerto Vallarta,48333,19.3,-18.2,45.9,Febrero,20.6407176,-105.220306
Sears,Noroeste,Distrito 5,B309,SEARS FORUM TEPIC,AV LUIS DONALDO COLOSIO,Benito Juárez Oriente,Tepic,Nayarit,Tepic,63175,14.0,2.1,11.6,Febrero,21.5119156,-104.8915889
Devlyn,Centro,Distrito 3,A787,MADERO 1,AV MADERO,Centro (Área 1),Cuauhtémoc,Ciudad de México,Ciudad de México,06000,1.2,-4.3,5.8,Febrero,19.4326296,-99.1331785
Devlyn,Sur,Distrito 5,A932,SAN ANDRES TUXTLA CENTRO,AV MADERO,San Andres Tuxtla Centro,San Andrés Tuxtla,Veracruz de Ignacio de la Llave,San Andrés Tuxtla,95700,63.3,14.9,42.2,Febrero,18.4633672,-95.19831533920046
Devlyn,Centro,Distrito 6,A927,MORELIA MADERO,AV MADERO ORIENTE,Centro Histórico,Morelia,Michoacán de Ocampo,Morelia,58000,-13.3,-3.7,-9.9,Febrero,19.6546004,-101.26237972291207
Devlyn,Noroeste,Distrito 2,B046,SENDERO CD JUAREZ,AV MANUEL GOMEZ MORIN,Residencial San Francisco,Juárez,Chihuahua,Juárez,32548,4.7,-8.1,14.0,Febrero,31.7372575,-106.485655
Devlyn,Noreste,Distrito 3,A907,AMPL PLAZA FIESTA  ANAHUAC,AV MANUEL L BARRAGAN,Anáhuac,San Nicolás de los Garza,Nuevo León,San Nicolás de los Garza,66450,-12.6,-19.9,9.2,Febrero,25.746047134015935,-100.31111777069309
Sears,Noreste,Distrito 3,B279,MTY. SEARS ANAHUAC,AV MANUEL L. BARRAGAN,Residencial Anáhuac,San Nicolás de los Garza,Nuevo León,San Nicolás de los Garza,66457,28.2,-9.1,41.0,Febrero,25.746047134015935,-100.31111777069309
Devlyn,Noroeste,Distrito 5,A772,FORUM TLAQUEPAQUE,AV MARCELINO GARCIA BARAGAN,Prados Del Nilo,Guadalajara,Jalisco,Guadalajara,44840,-28.6,1.7,-29.8,Febrero,20.6720375,-103.338396
Devlyn,Noroeste,Distrito 5,B711,DEVLYN SORIANA (COLIMA),AV MARIA AHUMADA DE GOMEZ,Campestre,Villa de Álvarez,Colima,Ciudad de Villa de Álvarez,28988,-23.0,-15.2,-9.2,Febrero,19.27894585,-103.75973739570863
Devlyn,Sur,Distrito 6,A794,VERACRUZ ARISTA CENTRO,AV MARIANO ARISTA,Veracruz Centro,Veracruz,Veracruz de Ignacio de la Llave,Veracruz,91700,18.2,8.8,8.6,Febrero,19.19470138325197,-96.14247340091259
Devlyn,Noroeste,Distrito 5,B884,LA PERLA GUADALAJARA,AV MARIANO OTERO,Ciudad Del Sol,Zapopan,Jalisco,Zapopan,45050,-11.4,-8.5,-3.2,Febrero,20.64567389602485,-103.40775836598866
Devlyn,Noroeste,Distrito 3,A992,HERMOSILLO CENTRO,AV MATAMOROS,Hermosillo Centro,Hermosillo,Sonora,Hermosillo,83000,-18.5,-43.6,44.5,Febrero,29.0948207,-110.9692202
Devlyn,Noreste,Distrito 3,A029,PASEO LA FE,AV MIGUEL ALEMAN,Residencial los Morales,San Nicolás de los Garza,Nuevo León,San Nicolás de los Garza,66470,4.9,-17.9,27.8,Febrero,25.7558021,-100.289648
Devlyn,Noreste,Distrito 3,A904,MULTIPLAZA LINDAVISTA,AV MIGUEL ALEMAN,Valle Soleado,Guadalupe,Nuevo León,Guadalupe,67130,5.7,-12.3,20.5,Febrero,25.6751114,-100.2151753
Devlyn,Sur,Distrito 6,A507,DEVLYN MEGA LAS PALMAS (VERUCRUZ),AV MIGUEL ANGEL DE QUEVEDO,Cristóbal Colón,Veracruz,Veracruz de Ignacio de la Llave,Veracruz,91755,-21.7,-21.9,0.3,Febrero,19.19620401003394,-96.1557522620068
Devlyn,Metropolitana,Distrito 3,A844,MEGA COYOACAN,AV MIGUEL ANGEL DE QUEVEDO,Romero de Terreros,Coyoacán,Ciudad de México,Ciudad de México,04310,-7.5,-4.3,-3.4,Febrero,19.345893242723132,-99.17373706803178
Devlyn,Metropolitana,Distrito 3,A108,OASIS COYOACAN,AV MIGUEL ANGEL DE QUEVEDO,Romero de Terreros,Coyoacán,Ciudad de México,Ciudad de México,04310,8.2,8.1,0.1,Febrero,19.345893242723132,-99.17373706803178
Devlyn,Metropolitana,Distrito 2,A852,AV. HIDALGO CENTRO (OAXACA),AV MIGUEL HIDALGO,Oaxaca Centro,Oaxaca de Juárez,Oaxaca,Oaxaca de Juárez,68000,3.3,1.1,2.2,Febrero,17.096586799999997,-96.72078156904958
Coppel,Metropolitana,Distrito 5,A652,COPPEL TENANGO DEL VALLE,AV MIGUEL HIDALGO,Tenango De Arista Centro,Tenango Del Valle,Estado de México,Sin Ciudad,52300,-0.5,-32.4,47.3,Febrero,,
Devlyn,Noreste,Distrito 2,B421,AMPLIACION SORIANA CD MADERO,AV MONTERREY,Ampliación Unidad Nacional,Ciudad Madero,Tamaulipas,Ciudad Madero,89510,0.3,-7.8,8.8,Febrero,22.278368,-97.82428606900629
Devlyn,Centro,Distrito 3,A710,PLAZA LINDAVISTA,AV MONTEVIDEO,Lindavista Norte,Gustavo A. Madero,Ciudad de México,Ciudad de México,07300,-20.4,-14.6,-6.8,Febrero,19.4326296,-99.1331785
Devlyn,Noreste,Distrito 5,A990,GOMEZ PALACIO CENTRO,AV MORELOS,Gómez Palacio Centro,Gómez Palacio,Durango,Gómez Palacio,35000,-38.2,1.1,-38.9,Febrero,25.560207093516784,-103.49490932468146
Devlyn,Noreste,Distrito 5,A958,TORREON CENTRO,AV MORELOS,Torreón Centro,Torreón,Coahuila de Zaragoza,Torreón,27000,22.4,-1.6,24.4,Febrero,25.53834990393425,-103.46551150710769
Coppel,Noreste,Distrito 1,A696,COPPEL PLAZA MUÑOZ,AV MUÑOZ,Muñoz,San Luis Potosí,San Luis Potosí,San Luis Potosí,78165,68.3,57.1,7.1,Febrero,22.1518358,-100.9992903
Devlyn,Noreste,Distrito 1,A968,CHEDRAUI (S.L.P),AV NEREO RODRIGUEZ BARRAGAN,Del Valle,San Luis Potosí,San Luis Potosí,San Luis Potosí,78200,34.0,31.3,2.0,Febrero,22.153463600000002,-101.00731935
Devlyn,Noreste,Distrito 1,A743,EL DORADO (S.L.P),AV NEREO RODRIGUEZ BARRAGAN,Del Valle,San Luis Potosí,San Luis Potosí,San Luis Potosí,78200,19.4,17.1,1.9,Febrero,22.153463600000002,-101.00731935
Devlyn,Centro,Distrito 1,B471,WALMART AZCAPOTZALCO,AV NEXTENGO,Santa Cruz Acayucan,Azcapotzalco,Ciudad de México,Ciudad de México,02770,-34.7,-1.6,-33.7,Febrero,19.4779572,-99.1884851
Coppel,Metropolitana,Distrito 1,A580,COPPEL GUADALUPES (CHIMALHUACAN),AV NEZAHUALCOYOTL,Unión Antorchista,Chimalhuacán,Estado de México,Chimalhuacán,56335,-3.1,5.4,-8.0,Febrero,19.41775105,-98.95751685948807
Devlyn,Sur,Distrito 2,A758,GRAN PLAZA CANCUN,AV NICHUPTE,Supermanzana 51,Benito Juárez,Quintana Roo,Cancún,77533,-34.4,-25.3,-12.2,Febrero,21.1398036,-86.854019
Coppel,Sur,Distrito 2,A640,COPPEL NICHUPTE,AV NICHUPTE,Supermanzana 510,Benito Juárez,Quintana Roo,Cancún,77534,-14.2,0.0,-14.2,Febrero,21.1527467,-86.8425761
Devlyn,Sur,Distrito 2,B029,CANCUN PLAZA LAS AMERICAS II,AV NIÑOS HEROES,Supermanzana 225,Benito Juárez,Quintana Roo,Cancún,77516,-24.1,-20.6,-4.4,Febrero,21.1527467,-86.8425761
Coppel,Noroeste,Distrito 1,A513,COPPEL OBREGON II SN LUIS COLORADO,AV OBREGON,Cuauhtémoc,San Luis Río Colorado,Sonora,San Luis Río Colorado,83400,-51.3,-65.8,42.3,Febrero,32.4822164,-114.7816893
Coppel,Noroeste,Distrito 3,A524,COPPEL GUADALUPE VICTORIA NOGALES,AV OBREGÓN,Heroica Nogales Centro,Nogales,Sonora,Heroica Nogales,84000,-7.2,21.6,-23.7,Febrero,31.3285057,-110.9450472
Devlyn,Sur,Distrito 6,A923,ORIZABA CENTRO,AV ORIENTE 4 LOCAL 3,Orizaba Centro,Orizaba,Veracruz de Ignacio de la Llave,Orizaba,94300,-20.5,-8.2,-13.4,Febrero,18.847142919891063,-97.1034395207446
Devlyn,Centro,Distrito 3,A791,PLAZA TORRES LINDAVISTA,AV OTHON DE MENDIZABAL,Nueva Industrial Vallejo,Gustavo A. Madero,Ciudad de México,Ciudad de México,07700,-0.8,-11.7,12.4,Febrero,19.505890696290695,-99.14947226913829
Devlyn,Noreste,Distrito 3,A979,MTY. PADRE MIER,AV PADRE MIER,Monterrey Centro,Monterrey,Nuevo León,Monterrey,64000,-5.3,-15.0,11.4,Febrero,25.67042616217705,-100.32667198312349
Sears,Noreste,Distrito 3,B264,MTY. SEARS CENTRO,AV PADRE MIER,Monterrey Centro,Monterrey,Nuevo León,Monterrey,64000,-1.9,1.2,-3.1,Febrero,25.67042616217705,-100.32667198312349
Devlyn,Noroeste,Distrito 4,B882,WALMART GUASAVE,AV PASEO MIGUEL LEYSON PEREZ,Ejidal,Guasave,Sinaloa,Guasave,81020,35.2,25.9,7.3,Febrero,25.5046381,-108.539960314508
Devlyn,Noroeste,Distrito 5,B869,PUNTO SUR GDL,AV PASEO PUNTO SUR,Punto Sur,Tlajomulco de Zúñiga,Jalisco,Tlajomulco de Zúñiga,45645,-12.7,-2.6,-10.3,Febrero,20.48187375,-103.40050966382874
Devlyn,Noroeste,Distrito 2,A818,CD. JUAREZ RIO GRANDE,AV PASEO TRIUNFO DE LA REPUBLICA,Ricardo Montoya,Juárez,Chihuahua,Juárez,32310,3.7,7.5,-3.5,Febrero,31.7372575,-106.485655
Coppel,Sur,Distrito 1,A665,COPPEL BLVD PATRICIO TRUEBA CAMPECHE,AV PATRICIO TRUEBA,Rinconada Samula,Campeche,Campeche,San Francisco de Campeche,24090,-6.5,-12.8,7.2,Febrero,19.8381215,-90.5198253
Devlyn,Noreste,Distrito 4,A830,MATAMOROS PLAZA,AV PEDRO CARDENAS,Villa Madrid,Matamoros,Tamaulipas,Heroica Matamoros,87390,-6.6,-7.8,1.3,Febrero,25.8810158,-97.5064866
Devlyn,Noroeste,Distrito 1,B797,ENSENADA MACROPLAZA DEL MAR,AV PEDRO LOYOLA,FOVISSSTE 4a Sección,Ensenada,Baja California,Ensenada,22830,7.4,1.9,5.4,Febrero,31.8658887,-116.602983
Devlyn,Sur,Distrito 1,A746,GALERIAS CAMPECHE,AV PEDRO SAINZ DE BARANDA,Ah-kim-pech,Campeche,Campeche,San Francisco de Campeche,24014,6.8,-13.0,22.7,Febrero,19.8381215,-90.5198253
Coppel,Metropolitana,Distrito 1,A624,COPPEL PENON (CHIMALHUACAN),AV PEÑON,Alfareros,Chimalhuacán,Estado de México,Chimalhuacán,56363,-16.5,-10.5,-6.7,Febrero,19.41775105,-98.95751685948807
Devlyn,Sur,Distrito 3,A749,CIUDAD DEL CARMEN,AV PERIFERICA NORTE S/N,Camaroneros,Carmen,Campeche,Ciudad del Carmen,24169,-23.7,4.1,-26.7,Febrero,18.651739,-91.81492
Devlyn,Noroeste,Distrito 3,B037,DEVLYN PLAZA PATIO,AV PERIFERICO ORIENTE,Piedra Bola (Pedregal de la Villa),Hermosillo,Sonora,Hermosillo,83290,-9.3,-1.8,-7.7,Febrero,29.0948207,-110.9692202
Devlyn,Noreste,Distrito 1,B410,FRESNILLO SORIANA ZACATECAS,AV PLATEROS,Barrio Alto,Fresnillo,Zacatecas,Fresnillo,99070,-7.1,-14.2,8.3,Febrero,23.1811278,-102.8729073
Devlyn,Sur,Distrito 4,A840,SAN CRISTOBAL DE LAS CASAS CENTRO,AV PLAZA 31 DE MARZO PORTAL ORIENTE,San Cristóbal de las Casas Centro,San Cristóbal de las Casas,Chiapas,San Cristóbal de las Casas,29200,14.8,-8.9,26.0,Febrero,16.735377,-92.63873
Devlyn,Centro,Distrito 3,B027,CHEDRAUI NEZA NORTE,AV PLAZAS DE ARAGON,Plazas de Aragón,Nezahualcóyotl,Estado de México,Ciudad Nezahualcóyotl,57139,-27.8,-17.1,-12.8,Febrero,19.4079028,-99.0181547
Devlyn,Metropolitana,Distrito 5,A820,TOLUCA PORTALES,AV PORTAL 20 DE NOVIEMBRE,Toluca De Lerdo Centro,Toluca,Estado de México,Toluca de Lerdo,50000,-1.7,0.9,-2.5,Febrero,19.292545,-99.6569007
Sears,Noreste,Distrito 1,B282,SEARS TANGAMANGA (S.L.P),AV PROL SANTOS DEGOLLADO,Tangamanga,San Luis Potosí,San Luis Potosí,San Luis Potosí,78269,12.2,23.1,-8.8,Febrero,22.1516472,-100.9763993
Devlyn,Metropolitana,Distrito 5,A729,GRAN PATIO SANTA FE,AV PROLONGACIÓN PASEO DE LA REFORMA,Santa Fe,Álvaro Obregón,Ciudad de México,Ciudad de México,01210,5.4,-10.6,17.9,Febrero,19.3702284,-99.2661564
Coppel,Metropolitana,Distrito 1,A670,COPPEL PUERTO (CHIMALHUACAN),AV PUERTO BORDO XOCHIACA,Xaltipac,Chimalhuacán,Estado de México,Chimalhuacán,56346,17.1,14.0,2.8,Febrero,19.41775105,-98.95751685948807
Devlyn,Noroeste,Distrito 4,A510,MEGA MAZATLAN,AV RAFAEL BUELNA,Hacienda Las Cruces,Mazatlán,Sinaloa,Mazatlán,82126,-49.1,-32.6,-24.4,Febrero,23.246365901874864,-106.43602745122055
Coppel,Sur,Distrito 6,A557,COPPEL LOS PINOS (VERACRUZ),AV RAFAEL CUERVO,Playa Linda,Veracruz,Veracruz de Ignacio de la Llave,Veracruz,91810,-15.2,8.7,-22.0,Febrero,19.215141517752905,-96.18211657430896
Devlyn,Noroeste,Distrito 5,A315,GALERIAS GUADALAJARA,AV RAFAEL SANZIO,Prados de Guadalupe,Zapopan,Jalisco,Zapopan,45030,27.6,7.6,18.6,Febrero,20.7211203,-103.3913671
Coppel,Noroeste,Distrito 2,A542,COPPEL ZARAGOZA CD JUAREZ,AV RAMON RAYON,Parque Industrial Independencia,Juárez,Chihuahua,Juárez,32575,-34.6,-23.6,-14.4,Febrero,31.7372575,-106.485655
Devlyn,Metropolitana,Distrito 5,A989,IXTLAHUACA CENTRO,AV RAYON,Profedix Ii,Ixtlahuaca,Estado de México,Sin Ciudad,50740,-38.7,-32.7,-9.0,Febrero,,
Devlyn,Noreste,Distrito 3,A722,MTY. PLAZA FIESTA SAN AGUSTIN,AV REAL SAN AGUSTIN,Hacienda de La Sierra,San Pedro Garza García,Nuevo León,San Pedro Garza García,66260,-12.2,-26.1,18.7,Febrero,25.65271255,-100.37223790945575
Devlyn,Noreste,Distrito 4,B423,NUEVO LAREDO SORIANA,AV REFORMA,Campestre,Nuevo Laredo,Tamaulipas,Nuevo Laredo,88278,-40.6,-17.1,-28.3,Febrero,27.46205560807823,-99.51210105992999
Devlyn,Metropolitana,Distrito 2,A964,PUEBLA REFORMA CENTRO,AV REFORMA,Centro,Puebla,Puebla,Heroica Puebla de Zaragoza,72000,6.6,10.8,-3.8,Febrero,19.046753101185622,-98.20318019958725
Devlyn,Noreste,Distrito 4,B040,PASEO REFORMA NUEVO LAREDO,AV REFORMA,Las Alamedas,Nuevo Laredo,Tamaulipas,Nuevo Laredo,88275,17.2,1.0,16.0,Febrero,27.4930246,-99.507425
Devlyn,Noroeste,Distrito 1,A869,ENSENADA BAHIA,AV REFORMA,Playa de Ensenada,Ensenada,Baja California,Ensenada,22880,-34.6,-30.0,-6.6,Febrero,31.8658887,-116.602983
Coppel,Noreste,Distrito 1,A516,COPPEL REFORMA S.L.P,AV REFORMA,San Luis Potosí Centro,San Luis Potosí,San Luis Potosí,San Luis Potosí,78000,-42.7,12.7,-49.2,Febrero,22.1516472,-100.9763993
Devlyn,Noroeste,Distrito 4,A469,CIMACO MAZATLAN,AV REFORMA Y APOLO,Jardines de la Alameda,Mazatlán,Sinaloa,Mazatlán,82123,89.3,10.6,71.1,Febrero,23.2035785,-106.4208391
Devlyn,Metropolitana,Distrito 3,B763,PORTAL SAN ANGEL,AV REVOLUCION,Campestre,Álvaro Obregón,Ciudad de México,Ciudad de México,01040,-17.2,-20.0,3.5,Febrero,19.35401129369545,-99.19020273950834
Devlyn,Centro,Distrito 4,A855,SENDERO QUERETARO,AV REVOLUCION,El Rocio,Querétaro,Querétaro,Santiago de Querétaro,76114,45.7,20.7,20.8,Febrero,20.6188218354912,-100.43836671759868
Devlyn,Centro,Distrito 6,A890,PLAZA POZUELOS,AV REVOLUCION,Guanajuato Centro,Guanajuato,Guanajuato,Guanajuato,36000,-14.3,-16.7,2.8,Febrero,20.67736146135978,-101.34294615206993
Devlyn,Centro,Distrito 4,A813,PACHUCA PLAZA BELLA,AV REVOLUCION,Maestranza,Pachuca de Soto,Hidalgo,Pachuca de Soto,42060,-26.3,-20.2,-7.7,Febrero,20.10451,-98.78892237167076
Devlyn,Noroeste,Distrito 5,A966,GUADALAJARA CHERAUI LOMAS,AV RIO NILO,El Doradito,Tonalá,Jalisco,Tonalá,45403,77.3,16.1,52.6,Febrero,20.6241367,-103.2421263
Devlyn,Noreste,Distrito 3,A893,CITADEL,AV ROMULO GARZA,Residencial Santa Fe,San Nicolás de los Garza,Nuevo León,San Nicolás de los Garza,66477,-21.5,-26.8,7.2,Febrero,25.7558021,-100.289648
Sears,Noreste,Distrito 3,B307,SEARS STIVA MONTERREY,AV ROMULO GARZA,Residencial Santa Fe,San Nicolás de los Garza,Nuevo León,San Nicolás de los Garza,66477,-0.3,-12.6,14.1,Febrero,25.7558021,-100.289648
Devlyn,Noroeste,Distrito 1,A847,ENSENADA CENTRO,AV RUIZ,Sección Primera,Ensenada,Baja California,Ensenada,22800,27.5,12.8,13.0,Febrero,31.8658887,-116.602983
Sears,Noroeste,Distrito 1,B318,SEARS CENTRO (ENSENADA),AV RUIZ,Sección Primera,Ensenada,Baja California,Ensenada,22800,19.3,45.8,-18.2,Febrero,31.8658887,-116.602983
Devlyn,Centro,Distrito 1,A780,GALERIAS ATIZAPAN,AV RUIZ CORTINES,Lomas de Atizapán II,Atizapán de Zaragoza,Estado de México,Ciudad Adolfo López Mateos,52977,-14.5,-21.3,8.6,Febrero,19.5733975,-99.243949
Coppel,Noreste,Distrito 1,A532,COPPEL EL PASEO (S.L.P),AV SALVADOR NAVA,Valle Dorado,San Luis Potosí,San Luis Potosí,San Luis Potosí,78399,50.0,47.6,1.6,Febrero,22.1516472,-100.9763993
Coppel,Centro,Distrito 2,A556,COPPEL SAN ANTONIO (TULTITLAN),AV SAN ANTONIO,Tultitlán de Mariano Escobedo Centro,Tultitlán,Estado de México,Tultitlán de Mariano Escobedo,54900,-35.8,-25.0,-14.4,Febrero,19.635906249999998,-99.13795469946498
Devlyn,Metropolitana,Distrito 3,A795,SAN JERONIMO,AV SAN JERONIMO,Jardines del Pedregal,Álvaro Obregón,Ciudad de México,Ciudad de México,01900,-33.3,-22.4,-14.1,Febrero,19.4326296,-99.1331785
Sears,Noroeste,Distrito 5,B300,SEARS GUADALAJARA,AV SAN RAFAEL SANZIO,Prados de Guadalupe,Zapopan,Jalisco,Zapopan,45030,-7.2,-2.0,-5.2,Febrero,20.7211203,-103.3913671
Devlyn,Centro,Distrito 5,A845,PLAZA SAN ROQUE,AV SAN ROQUE,18 de Agosto,Irapuato,Guanajuato,Irapuato,36590,60.2,-12.4,82.8,Febrero,20.657104357787546,-101.3412141999263
Devlyn,Centro,Distrito 2,A916,MULTIPLAZA OJO DE AGUA,AV SANTA CRUZ OJO DE AGUA,San Pedro Atzompa,Tecámac,Estado de México,Tecámac de Felipe Villanueva,55770,31.3,2.2,28.4,Febrero,19.7115011,-98.968354
Devlyn,Noroeste,Distrito 5,A822,REAL CENTER ZAPOPAN,AV SANTA MARGARITA,San Francisco,Zapopan,Jalisco,Zapopan,45130,-15.3,-16.5,1.4,Febrero,20.73139417650999,-103.40786392230265
Devlyn,Noreste,Distrito 3,A877,PLAZA BELLA HEB SENDERO,AV SENDERO DIVISORIO,La Cantera Privada Residencial,General Escobedo,Nuevo León,Ciudad General Escobedo,66059,8.5,-14.6,27.0,Febrero,25.808517,-100.3224334
Coppel,Centro,Distrito 2,A567,COPPEL SIMON BOLIBAR (CUAUTITLA IZC.),AV SIMON BOLIVAR,Paseo de Santa María,Cuautitlán,Estado de México,Cuautitlán,54800,-30.8,-16.0,-17.6,Febrero,19.705518249999997,-99.16662568774402
Devlyn,Centro,Distrito 1,A292,PLAZA TLALNEPANTLA,AV SOR JUANA INÉS DE LA CRUZ,Plaza de las Rosas,Tlalnepantla de Baz,Estado de México,Tlalnepantla de Baz,54069,16.1,6.3,9.2,Febrero,19.546490249999998,-99.1899352247449
Devlyn,Noroeste,Distrito 2,A471,CIMACO CD JUAREZ,AV TECNOLOGICO,Del Márquez,Juárez,Chihuahua,Juárez,32607,-11.7,-4.9,-7.2,Febrero,31.7372575,-106.485655
Sears,Centro,Distrito 6,B292,SEARS MORELIA PASEOS ALTOZANO,AV TECNOLOGICO DE MONTERREY,Esmeralda,Morelia,Michoacán de Ocampo,Morelia,58350,-1.5,-39.3,62.4,Febrero,19.6546004,-101.26237972291207
Sears,Noroeste,Distrito 2,B299,SEARS MISIONES,AV TEOFILO BORUNDA,Partido Iglesias,Juárez,Chihuahua,Juárez,32528,-11.8,-29.9,25.8,Febrero,31.7372575,-106.485655
Devlyn,Noroeste,Distrito 2,A878,CD. JUÁREZ LAS MISIONES,AV TEOFILO BORUNDA,Villas de Pradera Dorada,Juárez,Chihuahua,Juárez,32618,21.8,-5.8,29.2,Febrero,31.7372575,-106.485655
Sears,Sur,Distrito 2,B294,SEARS CANCUN,AV TULUM SUR,Supermanzana 5 Centro,Benito Juárez,Quintana Roo,Cancún,77500,37.0,6.9,28.2,Febrero,21.1527467,-86.8425761
Devlyn,Sur,Distrito 2,A309,CANCUN PLAZA LAS AMERICAS,AV TULUM SUR,Supermanzana 6B,Benito Juárez,Quintana Roo,Cancún,77503,5.6,-0.7,6.3,Febrero,21.1527467,-86.8425761
Sears,Metropolitana,Distrito 2,B269,OAX. SEARS PLAZA DEL VALLE,AV UNIVERSIDAD,Candiani,Oaxaca de Juárez,Oaxaca,Oaxaca de Juárez,68130,7.4,7.5,-0.1,Febrero,17.096586799999997,-96.72078156904958
Devlyn,Metropolitana,Distrito 2,A849,OAXACA PLAZA DEL VALLE,AV UNIVERSIDAD,Candiani,Oaxaca de Juárez,Oaxaca,Oaxaca de Juárez,68130,14.3,-3.7,18.6,Febrero,17.096586799999997,-96.72078156904958
Devlyn,Metropolitana,Distrito 3,A862,PABELLON DEL VALLE,AV UNIVERSIDAD,Santa Cruz Atoyac,Benito Juárez,Ciudad de México,Ciudad de México,03310,-10.1,-15.6,6.6,Febrero,19.371589504482568,-99.16434429249966
Devlyn,Metropolitana,Distrito 3,A704,PLAZA UNIVERSIDAD,AV UNIVERSIDAD,Santa Cruz Atoyac,Benito Juárez,Ciudad de México,Ciudad de México,03310,40.1,4.3,34.2,Febrero,19.371589504482568,-99.16434429249966
Sears,Sur,Distrito 5,B301,SEARS COATZACOALCOS,AV UNIVERSIDAD KM. 8,Santa Maria,Coatzacoalcos,Veracruz de Ignacio de la Llave,Coatzacoalcos,96536,54.6,24.3,24.4,Febrero,18.1405019,-94.4344003
Devlyn,Sur,Distrito 5,A760,FORUM COATZACOALCOS,AV UNIVERSIDAD VERACRUZANA KM. 8,Transportistas,Coatzacoalcos,Veracruz de Ignacio de la Llave,Coatzacoalcos,96536,-9.0,-21.8,16.4,Febrero,18.1405019,-94.4344003
Devlyn,Sur,Distrito 6,B055,CORDOBA CENTRO,AV UNO,Córdoba Centro,Córdoba,Veracruz de Ignacio de la Llave,Córdoba,94500,-28.6,-16.1,-14.9,Febrero,18.89319855,-96.93289370002483
Sears,Sur,Distrito 6,B272,SEARS CORDOBA,AV UNO,Córdoba Centro,Córdoba,Veracruz de Ignacio de la Llave,Córdoba,94500,36.7,20.3,13.6,Febrero,18.89319855,-96.93289370002483
Devlyn,Noroeste,Distrito 5,A719,GUADALAJARA GRAN PLAZA,AV VALLARTA,Don Bosco Vallarta,Zapopan,Jalisco,Zapopan,45049,-2.3,4.5,-6.5,Febrero,20.676200043762105,-103.40825242957597
Sears,Noroeste,Distrito 5,B281,SEARS GRAN PLAZA  GUADALAJARA,AV VALLARTA,Don Bosco Vallarta,Zapopan,Jalisco,Zapopan,45049,24.0,40.9,-12.0,Febrero,20.676200043762105,-103.40825242957597
Devlyn,Metropolitana,Distrito 5,A319,AMPLIACION SANTA FE,AV VASCO DE QUIROGA,Santa Fe Cuajimalpa,Cuajimalpa de Morelos,Ciudad de México,Ciudad de México,05348,1.5,6.4,-4.6,Febrero,19.36305888712989,-99.27339930713761
Devlyn,Metropolitana,Distrito 5,A306,SANTA FE,AV VASCO DE QUIROGA,Santa Fe Cuajimalpa,Cuajimalpa de Morelos,Ciudad de México,Ciudad de México,05348,3.8,6.3,-2.4,Febrero,19.36305888712989,-99.27339930713761
Sears,Metropolitana,Distrito 5,B747,SEARS SANTA FE 3800,AV VASCO DE QUIROGA,Santa Fe Cuajimalpa,Cuajimalpa de Morelos,Ciudad de México,Ciudad de México,05348,-56.8,-52.6,-8.8,Febrero,19.36305888712989,-99.27339930713761
Devlyn,Centro,Distrito 1,A945,DEVLYN CHEDRAUI (TENAYUCA),AV VENTISCA,Solidaridad Nacional,Gustavo A. Madero,Ciudad de México,Ciudad de México,07268,4.1,-9.1,14.5,Febrero,19.530253511721057,-99.15502854221984
Devlyn,Centro,Distrito 6,A934,MORELIA CAMELINAS,AV VENTURA PUENTE,Cuauhtémoc,Morelia,Michoacán de Ocampo,Morelia,58020,-19.1,-2.8,-16.8,Febrero,19.6546004,-101.26237972291207
Devlyn,Centro,Distrito 2,A892,POWER CENTER COACALCO,AV VÍA JOSÉ LÓPEZ PORTILLO,Ex-Hacienda San Felipe 1a. Sección,Coacalco de Berriozábal,Estado de México,Coacalco de Berriozabal,55717,-1.9,-16.5,17.5,Febrero,19.6359452,-99.0948573
Devlyn,Centro,Distrito 2,A810,COACALCO,AV VÍA JOSÉ LÓPEZ PORTILLO,Residencial Sirapark,Coacalco de Berriozábal,Estado de México,Coacalco de Berriozabal,55700,-3.9,0.0,-3.9,Febrero,19.6359452,-99.0948573
Devlyn,Centro,Distrito 2,A117,DEVLYN COSMOPOL,AV VÍA JOSÉ LÓPEZ PORTILLO,Residencial Sirapark,Coacalco de Berriozábal,Estado de México,Coacalco de Berriozabal,55700,-8.9,-6.2,-2.9,Febrero,19.6359452,-99.0948573
Devlyn,Centro,Distrito 1,A771,PASEO INTERLOMAS,AV VIALIDAD DE LA BARRANCA,Jesús del Monte,Huixquilucan,Estado de México,Huixquilucan de Degollado,52764,20.9,12.0,7.9,Febrero,19.3598819,-99.3514655
Sears,Centro,Distrito 1,B748,SEARS INTERLOMAS D BARRANCA,AV VIALIDAD DE LA BARRANCA,Jesús del Monte,Huixquilucan,Estado de México,Huixquilucan de Degollado,52764,-66.2,-45.8,-37.6,Febrero,19.3598819,-99.3514655
Devlyn,Noreste,Distrito 3,B034,CENTRICA MONTERREY,AV VICENTE GUERRERO,Céntrika Victoria Elite,Monterrey,Nuevo León,Monterrey,64520,-4.2,-18.3,17.3,Febrero,25.6802019,-100.315258
Devlyn,Metropolitana,Distrito 4,A814,CUERNAVACA PLAZA,AV VICENTE GUERRERO,Lomas de Miraval,Cuernavaca,Morelos,Cuernavaca,62270,22.2,6.4,14.9,Febrero,18.934381165339765,-99.23023089498544
Devlyn,Metropolitana,Distrito 1,A866,PLAZA CHALCO 2000,AV VICENTE GUERRERO,Los Volcanes 2da. Sección,Chalco,Estado de México,Chalco de Díaz Covarrubias,56600,-13.4,-4.6,-9.2,Febrero,19.2612215,-98.8958362
Devlyn,Sur,Distrito 5,A826,COATZACOALCOS CENTRO,AV ZARAGOZA,Coatzacoalcos Centro,Coatzacoalcos,Veracruz de Ignacio de la Llave,Coatzacoalcos,96400,-16.6,-25.7,12.3,Febrero,18.146406841621875,-94.41971485658
Devlyn,Metropolitana,Distrito 4,A980,CHILPANCINGO COM.MEX.,BALTAZAR R. LEYVA MANCILLA,Militar,Chilpancingo de los Bravo,Guerrero,Chilpancingo de los Bravo,39060,-5.1,-16.6,13.7,Febrero,17.3919748,-99.7428629297313
Devlyn,Metropolitana,Distrito 2,A997,APIZACO GIGANTE,BARBERAN Y COLLAR,Centro,Apizaco,Tlaxcala,Apizaco,90300,7.2,-5.2,13.1,Febrero,19.42643095,-98.07743344645611
Devlyn,Noreste,Distrito 4,B770,DEVLYN SORIANA CARRIZO,BELDEN,Maclovio Herrera,Nuevo Laredo,Tamaulipas,Nuevo Laredo,88120,-15.9,-35.5,30.4,Febrero,27.4930246,-99.507425
Sears,Centro,Distrito 5,B560,SEARS IRAPUATO CIBELES,BLVD A VILLAS DE IRAPUATO,Ejido Irapuato,Irapuato,Guanajuato,Irapuato,36643,-12.0,-18.1,7.5,Febrero,20.6758761,-101.3521052
Devlyn,Sur,Distrito 3,A801,CHEDRAUI COMALCALCO,BLVD ADOLFO LOPEZ  MATEOS,Independencia 2a Secc,Comalcalco,Tabasco,Comalcalco,86670,12.2,1.2,10.9,Febrero,18.2615076,-93.2231523
Devlyn,Noroeste,Distrito 1,A715,MEXICALI PLAZA CACHANILLA,BLVD ADOLFO LOPEZ MATEOS,Centro Cívico,Mexicali,Baja California,Mexicali,21000,-11.0,11.7,-20.3,Febrero,32.6405247,-115.474899
Sears,Noroeste,Distrito 1,B314,SEARS CACHANILLAS MEXICALI,BLVD ADOLFO LOPEZ MATEOS,Jabonera,Mexicali,Baja California,Mexicali,21150,20.8,-6.5,29.2,Febrero,32.6405247,-115.474899
Devlyn,Centro,Distrito 6,A781,CENTRO MAX BAJIO,BLVD ADOLFO LOPEZ MATEOS,Jardines de Jerez,León,Guanajuato,León de los Aldama,37530,-18.4,-4.5,-14.6,Febrero,21.099687184530996,-101.63221986653748
Coppel,Centro,Distrito 6,A533,COPPEL CENTRO MAX (LEON),BLVD ADOLFO LOPEZ MATEOS,Jardines de la Bufa,León,Guanajuato,León de los Aldama,37530,-11.4,-17.6,7.6,Febrero,21.121965,-101.6829766
Devlyn,Centro,Distrito 1,A825,ATIZAPAN ALAMEDAS,BLVD ADOLFO LOPEZ MATEOS,Las Alamedas,Atizapán de Zaragoza,Estado de México,Ciudad Adolfo López Mateos,52970,-12.4,-14.7,2.7,Febrero,19.556882028932886,-99.24972296980032
Devlyn,Metropolitana,Distrito 3,B477,WAL MART PLATEROS,BLVD ADOLFO LOPEZ MATEOS,Lomas de Plateros,Álvaro Obregón,Ciudad de México,Ciudad de México,01480,-35.8,3.9,-38.2,Febrero,19.4326296,-99.1331785
Devlyn,Centro,Distrito 6,A314,ALTACIA LEON,BLVD AEROPUERTO,Jardines de la Bufa,León,Guanajuato,León de los Aldama,37530,-8.4,-6.1,-2.5,Febrero,21.121965,-101.6829766
Coppel,Metropolitana,Distrito 5,A616,COPPEL SENDERO (TOLUCA),BLVD AEROPUERTO MIGUEL ALEMAN,Lerma de Villada Centro,Lerma,Estado de México,Tezoyuca,52000,-16.3,-7.6,-9.4,Febrero,19.5902244,-98.9079359
Devlyn,Noroeste,Distrito 1,B864,GALERIAS HIPODROMO TIJUANA,BLVD AGUA CALIENTES,Hipódromo Agua Caliente,Tijuana,Baja California,Tijuana,22024,9.8,-5.7,16.5,Febrero,32.5317397,-117.019529
Sears,Noroeste,Distrito 4,B287,SEARS CULIACAN,BLVD ALVARO OBREGON SUR,Colinas de San Miguel,Culiacán,Sinaloa,Culiacán Rosales,80228,-36.3,-35.7,-0.9,Febrero,24.7978965,-107.393395
Devlyn,Sur,Distrito 4,B435,TUXTLA GTZ SORIANA,BLVD ANDRES SERRA ROJAS,El Retiro,Tuxtla Gutiérrez,Chiapas,Tuxtla Gutiérrez,29040,10.2,-3.6,14.3,Febrero,16.753801,-93.115959
Sears,Noreste,Distrito 1,B290,SEARS LA LOMA,BLVD ANTONIO ROCHA CORDERO,Lomas del Tecnológico,San Luis Potosí,San Luis Potosí,San Luis Potosí,78215,-14.9,-17.8,3.5,Febrero,22.12981161547303,-101.02755110838542
Devlyn,Noroeste,Distrito 4,B030,GUAMUCHIL,BLVD ANTONIO ROSALES Y CARRETERA INTERNACIONAL,Chutamonas,Salvador Alvarado,Sinaloa,Guamúchil,81460,25.6,1.9,23.2,Febrero,25.4575492,-108.0755437
Coppel,Metropolitana,Distrito 5,A660,COPPEL ATLACOMULCO,BLVD ARTURO MONTIEL ROJAS,Atlacomulco De Fabela Centro,Atlacomulco,Estado de México,Sin Ciudad,50450,-41.2,-32.0,-13.6,Febrero,,
Devlyn,Sur,Distrito 4,A751,GALERIAS BLVD TUXTLA GTZ,BLVD BELISARIO DOMINGUEZ,Bugambilias,Tuxtla Gutiérrez,Chiapas,Tuxtla Gutiérrez,29056,-33.3,-12.9,-23.5,Febrero,16.753801,-93.115959
Sears,Sur,Distrito 4,B305,SEARS TUXTLA,BLVD BELISARIO DOMINGUEZ,Bugambilias,Tuxtla Gutiérrez,Chiapas,Tuxtla Gutiérrez,29056,43.9,28.7,11.8,Febrero,16.753801,-93.115959
Devlyn,Sur,Distrito 5,A901,MULTIPLAZA TUXTEPEC,BLVD BENITO JUAREZ,María Luisa,San Juan Bautista Tuxtepec,Oaxaca,San Juan Bautista Tuxtepec,68310,23.8,-5.4,30.9,Febrero,18.0874632,-96.1227767
Devlyn,Sur,Distrito 5,A846,TUXTEPEC CHEDRAUI,BLVD BENITO JUAREZ,María Luisa,San Juan Bautista Tuxtepec,Oaxaca,San Juan Bautista Tuxtepec,68310,13.7,-3.9,18.3,Febrero,18.0874632,-96.1227767
Devlyn,Centro,Distrito 4,B921,WAL MART QUERETARO,BLVD BERNARDO QUINTANA ARRIOJA,Álamos 3a Sección,Querétaro,Querétaro,Santiago de Querétaro,76160,59.6,22.6,30.1,Febrero,20.5922997,-100.3917424
Devlyn,Noreste,Distrito 1,A717,CC SAN LUIS POTOSI,BLVD BLV ANTONIO ROCHA CORDERO,Del Valle,San Luis Potosí,San Luis Potosí,San Luis Potosí,78200,-21.0,-5.1,-16.8,Febrero,22.1516472,-100.9763993
Devlyn,Centro,Distrito 6,B788,GALERIAS URIANGATO,BLVD BLV.URIANGATO,Las Arboledas,Uriangato,Guanajuato,Uriangato,38983,-23.1,-12.0,-12.6,Febrero,20.117735,-101.13804770804822
Coppel,Centro,Distrito 5,A668,COPPEL CONSTELACION (SALAMANCA),BLVD BLVD. VALLE DE SANTIAGO,Salamanca Centro,Salamanca,Guanajuato,Salamanca,36700,-39.1,-20.0,-23.8,Febrero,20.6511359,-101.16676697826568
Devlyn,Centro,Distrito 5,A752,IRAPUATO PLAZA CIBELES,BLVD BLVD. VILLAS DE IRAPUATO,Lombardía,Irapuato,Guanajuato,Irapuato,36670,28.4,8.4,18.4,Febrero,20.6758761,-101.3521052
Devlyn,Noroeste,Distrito 4,A905,PASEO LOS MOCHIS,BLVD CENTENARIO,Primer Cuadro (Centro),Ahome,Sinaloa,Los Mochis,81200,19.9,-5.2,26.4,Febrero,25.7928058,-108.990188
Sears,Noroeste,Distrito 4,B311,SEARS LOS MOCHIS,BLVD CENTENARIO,Santa Cecilia,Ahome,Sinaloa,Los Mochis,81271,54.3,11.3,38.7,Febrero,25.7928058,-108.990188
Devlyn,Metropolitana,Distrito 2,B778,CHEDRAUI HUATULCO,BLVD CHAHUE,Residencial Conejos,Santa María Huatulco,Oaxaca,Bahias de Huatulco,70989,-6.8,-14.7,9.2,Febrero,15.7759827,-96.25869871122916
Devlyn,Noroeste,Distrito 1,B924,PASEO 2000 TIJUANA,BLVD CORREDOR TIJUANA-ROSARITO 2000,Ejido Francisco Villa,Tijuana,Baja California,Tijuana,22236,-10.1,-10.9,1.0,Febrero,32.5317397,-117.019529
Devlyn,Noroeste,Distrito 3,A917,GALERIAS RIO SONORA,BLVD CULTURA,Palo Verde,Hermosillo,Sonora,Hermosillo,83280,4.3,6.0,-1.7,Febrero,29.0948207,-110.9692202
Sears,Noroeste,Distrito 3,B278,SEARS HERMOSILLO,BLVD CULTURA,Proyecto Río Sonora,Hermosillo,Sonora,Hermosillo,83270,-7.9,-9.3,1.6,Febrero,29.0948207,-110.9692202
Devlyn,Sur,Distrito 4,A042,WALMART COMITAN CHIAPAS,BLVD DE LAS FEDERACIONES KM 1260.5,Paraíso Chichima,Comitán de Domínguez,Chiapas,Comitán de Domínguez,30093,-51.4,-32.4,-28.1,Febrero,16.2441097,-92.1348514
Devlyn,Metropolitana,Distrito 4,A883,MULTIPLAZA LAS PALMAS,BLVD DE LAS NACIONES,Granjas del Marqués,Acapulco de Juárez,Guerrero,Acapulco de Juárez,39890,-28.0,-16.0,-14.4,Febrero,16.8680495,-99.8940182
Devlyn,Metropolitana,Distrito 2,A308,PUEBLA ANGELOPOLIS,BLVD DEL NIÑO POBLAMO,La Cima,Puebla,Puebla,Heroica Puebla de Zaragoza,72197,9.3,10.5,-1.1,Febrero,19.0437196,-98.1981486
Coppel,Centro,Distrito 5,A621,COPPEL DIAS ORDAZ (IRAPUATO),BLVD DIAZ ORDAZ,Irapuato Centro,Irapuato,Guanajuato,Irapuato,36500,-2.7,2.7,-5.3,Febrero,20.678506019089312,-101.34544632162441
Sears,Noroeste,Distrito 4,B298,SEARS FORUM CULIACAN,BLVD DIEGO VALADEZ RIOS,Lago Tres Ríos,Culiacán,Sinaloa,Culiacán Rosales,80027,-9.0,12.8,-19.3,Febrero,24.7978965,-107.393395
Devlyn,Noreste,Distrito 1,A732,GALERIAS ZACATECAS,BLVD EL BOTE,Lázaro Cárdenas,Zacatecas,Zacatecas,Zacatecas,98040,8.5,-21.9,38.9,Febrero,22.7753891,-102.5722706
Sears,Noreste,Distrito 1,B313,SEARS ZACATECAS,BLVD EL BOTE,Lázaro Cárdenas,Zacatecas,Zacatecas,Zacatecas,98040,42.2,-6.8,52.5,Febrero,22.7753891,-102.5722706
Devlyn,Noroeste,Distrito 3,A887,NOGALES MALL,BLVD EL GRECO,Luis Donaldo Colosio,Nogales,Sonora,Heroica Nogales,84066,9.7,0.6,9.0,Febrero,31.3285057,-110.9450472
Devlyn,Noreste,Distrito 5,A470,CIMACO SALTILLO,BLVD EULALIO GUTIERREZ TREVIÑO,Privada de San Javier,Saltillo,Coahuila de Zaragoza,Saltillo,25010,13.0,42.9,-20.9,Febrero,25.4230425,-100.9927509
Devlyn,Centro,Distrito 6,B820,ALDEA (ALAIA)  GUANAJUATO,BLVD EUQUERIO GUERRERO,Marfil Centro,Guanajuato,Guanajuato,Marfil,36250,-9.3,1.4,-10.6,Febrero,20.9942943,-101.2883689
Sears,Noreste,Distrito 5,B293,SEARS PASEO DURANGO,BLVD FELIPE PESCADOR,Real del Prado,Durango,Durango,Victoria de Durango,34080,-28.4,-23.5,-6.4,Febrero,24.022008,-104.654741
Devlyn,Noreste,Distrito 5,A770,PASEO DURANGO,BLVD FELIPE PESCADOR,Victoria de Durango Centro,Durango,Durango,Victoria de Durango,34000,-11.1,-12.0,1.0,Febrero,24.03540696419662,-104.65880897690253
Devlyn,Metropolitana,Distrito 2,A821,FORJADORES,BLVD FORJADORES,Sanctorum,Cuautlancingo,Puebla,Cuautlancingo,72730,-32.2,-47.4,29.0,Febrero,19.119366,-98.2491623581376
Devlyn,Noroeste,Distrito 3,A872,SORIANA FORJADORES,BLVD FORJADORES,Tecnológico,La Paz,Baja California Sur,La Paz,23050,34.1,29.2,3.8,Febrero,24.1619948,-110.3158532
Sears,Noroeste,Distrito 3,B316,SEARS LA PAZ FORJADORES,BLVD FORJADORES DE SUDCALIFORNIA,Tecnológico,La Paz,Baja California Sur,La Paz,23050,-2.9,17.5,-17.4,Febrero,24.1619948,-110.3158532
Devlyn,Noroeste,Distrito 2,B424,CD. DELICIAS SORIANA,BLVD GOMEZ MORIN,El Álamo,Delicias,Chihuahua,Delicias,33070,18.5,24.8,-5.0,Febrero,28.1227078,-105.46848950381103
Sears,Noroeste,Distrito 1,B317,SEARS CARRUSEL,BLVD GUSTAVO DIAZ ORDAZ,Manuel Paredes II,Tijuana,Baja California,Tijuana,22610,23.5,29.7,-4.7,Febrero,32.5317397,-117.019529
Devlyn,Noroeste,Distrito 1,B001,TIJUANA PLAZA CARRUSEL,BLVD GUSTAVO DIAZ ORDAZ,Rincón de Otay,Tijuana,Baja California,Tijuana,22450,-32.0,-22.8,-11.9,Febrero,32.5317397,-117.019529
Devlyn,Noreste,Distrito 5,B896,PASEO MONCLOVA,BLVD HAROLD PAPE,Estancias de San Juan Bautista,Monclova,Coahuila de Zaragoza,Monclova,25733,-4.8,29.3,-26.4,Febrero,26.8792399,-101.19923358589679
Devlyn,Noreste,Distrito 5,B907,CIMACO PASEO MONCLOVA,BLVD HAROLD R. PAPE,Estancias de San Juan Bautista,Monclova,Coahuila de Zaragoza,Monclova,25733,3.0,4.9,-1.8,Febrero,26.8792399,-101.19923358589679
Devlyn,Metropolitana,Distrito 2,A759,GALERIAS SERDAN,BLVD HERMANOS SERDAN,Villa Posadas,Puebla,Puebla,Heroica Puebla de Zaragoza,72060,-8.3,-29.0,29.1,Febrero,19.0437196,-98.1981486
Devlyn,Metropolitana,Distrito 2,A706,PUEB. PLAZA DORADA,BLVD HEROES DEL 5 DE MAYO,Anzures,Puebla,Puebla,Heroica Puebla de Zaragoza,72530,19.3,4.7,14.0,Febrero,19.0437196,-98.1981486
Devlyn,Metropolitana,Distrito 2,A925,PUEBLA PLAZA SAN PEDRO,BLVD HEROES DEL 5 DE MAYO,Las Hadas Mundial 86,Puebla,Puebla,Heroica Puebla de Zaragoza,72070,-23.7,-8.5,-16.6,Febrero,19.0437196,-98.1981486
Devlyn,Noreste,Distrito 5,A739,TORREON PLAZA 4 CAMINOS,BLVD INDEPENDENCIA,Navarro,Torreón,Coahuila de Zaragoza,Torreón,27010,2.4,-10.1,14.0,Febrero,25.542698,-103.410512
Coppel,Noroeste,Distrito 2,A657,COPPEL INDEPENDEN,BLVD INDEPENDENCIA,Parque Industrial Los Bravos,Juárez,Chihuahua,Juárez,32575,-18.5,-31.8,19.5,Febrero,31.7372575,-106.485655
Devlyn,Noroeste,Distrito 1,A891,MACROPLAZA INSURGENTES TIJUANA,BLVD INSURGENTES,Puerta del Río,Tijuana,Baja California,Tijuana,22226,-1.0,-5.5,4.7,Febrero,32.5317397,-117.019529
Devlyn,Noroeste,Distrito 1,B768,MACRO PLAZA TIJUANA II,BLVD INSURGENTES,Río Tijuana 3a Etapa,Tijuana,Baja California,Tijuana,22226,11.4,10.2,1.1,Febrero,32.5317397,-117.019529
Coppel,Noroeste,Distrito 4,B932,COPPEL EXPLANADA CULIACAN,BLVD JESUS KUMATE RODRIGUEZ,Las Flores,Culiacán,Sinaloa,Culiacán Rosales,80104,47.5,-25.0,96.7,Febrero,24.7978965,-107.393395
Devlyn,Noroeste,Distrito 4,B871,EXPLANADA CULIACAN,BLVD JESUS KUMATE RODRIGUEZ,Las Flores,Culiacán,Sinaloa,Culiacán Rosales,80104,77.2,52.6,16.1,Febrero,24.7978965,-107.393395
Devlyn,Noroeste,Distrito 4,A750,FORUM CULIACAN,BLVD JOSE DIEGO VALADES RIOS,Cuauhtémoc,Culiacán,Sinaloa,Culiacán Rosales,80027,9.1,-15.4,28.9,Febrero,24.7978965,-107.393395
Devlyn,Noreste,Distrito 1,A829,AGUASCALIENTES VILLASUNCION,BLVD JOSE MA. CHAVEZ,Agricultura,Aguascalientes,Aguascalientes,Aguascalientes,20234,31.3,-2.8,35.1,Febrero,21.880487,-102.2967195
Devlyn,Centro,Distrito 6,A307,LEON PLAZA MAYOR,BLVD JUAN A. TORRES,Lomas del Campestre,León,Guanajuato,León de los Aldama,37150,1.5,-8.3,10.7,Febrero,21.121965,-101.6829766
Devlyn,Centro,Distrito 6,B038,GALERIAS LAS TORRES LEON,BLVD JUAN ALONSO DE TORRES,San José del Consuelo,León,Guanajuato,León de los Aldama,37200,-28.3,-23.4,-6.5,Febrero,21.121965,-101.6829766
Devlyn,Noroeste,Distrito 1,A764,GALERIAS DEL VALLE,BLVD LAZARO CARDENAS,El Porvenir,Mexicali,Baja California,Mexicali,21220,3.8,-7.0,11.5,Febrero,32.6405247,-115.474899
Devlyn,Noroeste,Distrito 1,A827,TIJUANA PLAZA OTAY,BLVD LAZARO CARDENAS,Mesa de Otay,Tijuana,Baja California,Tijuana,22430,68.6,26.3,33.5,Febrero,32.51475775,-116.96240415
Devlyn,Noreste,Distrito 2,B011,POZA RICA PLAZA KRYSTAL,BLVD LAZARO CARDENAS,Morelos,Poza Rica de Hidalgo,Veracruz de Ignacio de la Llave,Poza Rica de Hidalgo,93340,3.4,-12.8,18.6,Febrero,20.53116074251807,-97.46979937504445
Devlyn,Noroeste,Distrito 1,A886,MEXICALI PLAZA NUEVA,BLVD LAZARO CARDENAS,Pimsa Ii,Mexicali,Baja California,Mexicali,21397,35.4,-10.5,51.3,Febrero,32.6405247,-115.474899
Coppel,Noreste,Distrito 2,A594,COPPEL CARDENAS (POZA RICA),BLVD LAZARO CARDENAS DEL RIO,Santa Emilia,Poza Rica de Hidalgo,Veracruz de Ignacio de la Llave,Poza Rica de Hidalgo,93210,-13.2,-29.5,23.1,Febrero,20.537657449999998,-97.44512479987276
Devlyn,Noroeste,Distrito 3,A757,PUERTO PARAISO,BLVD LAZARO CARDENAS LOCAL 36,Plaza Bonita,Los Cabos,Baja California Sur,Cabo San Lucas,23450,-10.0,-18.2,10.0,Febrero,22.8938884,-109.92006
Coppel,Centro,Distrito 5,A522,COPPEL ADOLFO LOPEZ MATEOS (CELAYA),BLVD LOPEZ MATEOS,Celaya Centro,Celaya,Guanajuato,Celaya,38000,-23.0,-23.9,1.1,Febrero,20.51970235,-100.81386995
Devlyn,Noreste,Distrito 1,B427,SORIANA ZACATECAS,BLVD LOPEZ PORTILLO,3 Cruces Infonavit,Zacatecas,Zacatecas,Zacatecas,98064,-7.4,-0.8,-6.7,Febrero,22.7753891,-102.5722706
Coppel,Noroeste,Distrito 3,A593,COPPEL NOGALES,BLVD LUIS DONALDO COLOSIO,El Greco,Nogales,Sonora,Heroica Nogales,84066,11.5,-16.8,34.0,Febrero,31.3285057,-110.9450472
Devlyn,Noroeste,Distrito 3,A999,SORIANA NOGALES,BLVD LUIS DONALDO COLOSIO,Heroica Nogales Centro,Nogales,Sonora,Heroica Nogales,84000,30.2,17.5,10.8,Febrero,31.3285057,-110.9450472
Devlyn,Centro,Distrito 4,A900,GRAN PATIO PACHUCA,BLVD LUIS DONALDO COLOSIO KM 7.7,16 de Enero,Pachuca de Soto,Hidalgo,Pachuca de Soto,42064,-18.2,5.4,-22.4,Febrero,20.10451,-98.78892237167076
Sears,Centro,Distrito 4,B308,SEARS PACHUCA,BLVD LUIS DONALDO COLOSIO KM 77,Colinas de Plata,Mineral de la Reforma,Hidalgo,Mineral de la Reforma,42186,-9.2,-15.4,7.3,Febrero,20.06063885,-98.73057242363191
Devlyn,Sur,Distrito 3,B148,CHEDRAUI PARAISO,BLVD MANUEL ANTONIO ROMERO ZURITA,Francisco I. Madero (Madero),Paraíso,Tabasco,Paraíso,86600,21.7,-12.9,39.7,Febrero,18.362305499999998,-93.18835870012157
Devlyn,Sur,Distrito 5,B437,SORIANA MINATITLAN,BLVD MANUEL AVILA CAMACHO,Cuauhtémoc,Minatitlán,Veracruz de Ignacio de la Llave,Minatitlán,96880,16.5,-2.0,18.9,Febrero,17.992773,-94.5567103
Devlyn,Centro,Distrito 1,A316,PARQUE TOREO,BLVD MANUEL AVILA CAMACHO,Lomas de Sotelo,Naucalpan de Juárez,Estado de México,Naucalpan de Juárez,53390,-9.4,-26.3,23.0,Febrero,19.4788356,-99.2327986
Devlyn,Centro,Distrito 1,A113,MUNDO E,BLVD MANUEL ÁVILA CAMACHO,Bosques de México,Tlalnepantla de Baz,Estado de México,Tlalnepantla de Baz,54050,-44.9,-42.8,-3.8,Febrero,19.546490249999998,-99.1899352247449
Devlyn,Metropolitana,Distrito 5,A853,PLAZA SENDERO TOLUCA,BLVD MIGUEL ALEMAN,Barrio San Gabriel,Toluca,Estado de México,Toluca de Lerdo,50200,5.2,3.0,2.1,Febrero,19.292545,-99.6569007
Devlyn,Noreste,Distrito 5,B243,DEVLYN SORIANA LAS ROSAS,BLVD MIGUEL ALEMAN,Las Rosas,Gómez Palacio,Durango,Gómez Palacio,35090,-49.0,-33.3,-23.5,Febrero,25.5732473,-103.494779
Sears,Noreste,Distrito 5,B284,GOMEZ PALACIO SEARS,BLVD MIGUEL ALEMAN,Valle Campestre,Gómez Palacio,Durango,Gómez Palacio,35080,17.2,-1.5,18.9,Febrero,25.5732473,-103.494779
Devlyn,Centro,Distrito 3,A303,CERVANTES SAAVEDRA,BLVD MIGUEL DE CERVANTES SAAVEDRA,Granada,Miguel Hidalgo,Ciudad de México,Ciudad de México,11520,-10.8,1.0,-11.7,Febrero,19.441012869109304,-99.1968752165044
Devlyn,Centro,Distrito 3,A730,DEVLYN CHEDRAUI POLANCO,BLVD MIGUEL DE CERVANTES SAAVEDRA,Irrigación,Miguel Hidalgo,Ciudad de México,Ciudad de México,11500,5.4,-7.7,14.2,Febrero,19.441314606845022,-99.21050545237344
Devlyn,Noroeste,Distrito 5,A909,PLAZA MANZANILLO,BLVD MIGUEL DE LA MADRID,La Punta,Manzanillo,Colima,Manzanillo,28867,-26.9,-18.9,-9.8,Febrero,19.060831530539815,-104.29028614451188
Devlyn,Noroeste,Distrito 5,B636,MARINA MANZANILLO,BLVD MIGUEL DE LA MADRID,Villa Coral,Manzanillo,Colima,Manzanillo,28869,-74.9,-73.0,-7.2,Febrero,19.0506256,-104.3159957
Devlyn,Centro,Distrito 4,A942,PATIO  TULANCINGO,BLVD MIGUEL HIDALGO,Santa Clara,Tulancingo de Bravo,Hidalgo,Tulancingo,43642,5.8,11.0,-4.6,Febrero,20.0839585,-98.3635381
Devlyn,Noroeste,Distrito 3,A973,HERMOSILLO BACHOCO,BLVD MORELOS,La Ventana,Hermosillo,Sonora,Hermosillo,83148,-20.0,5.1,-23.9,Febrero,29.0948207,-110.9692202
Devlyn,Noreste,Distrito 5,A779,GALERIAS SALTILLO,BLVD NAZARIO ORTIZ,Residencial Los Parques,Saltillo,Coahuila de Zaragoza,Saltillo,25279,11.0,11.0,0.0,Febrero,25.4230425,-100.9927509
Devlyn,Metropolitana,Distrito 2,B417,TLAXCALA SORIANA,BLVD OCOTLAN,Ocotlán,Tlaxcala,Tlaxcala,Tlaxcala de Xicohténcatl,90100,2.0,-9.2,12.3,Febrero,19.3167101,-98.2386138
Sears,Noroeste,Distrito 1,B315,SEARS RIO TIJUANA,BLVD PASEO DE LOS HEROES,Zona Urbana Río Tijuana,Tijuana,Baja California,Tijuana,22010,5.7,-18.0,28.9,Febrero,32.5317397,-117.019529
Devlyn,Noroeste,Distrito 1,A716,TIJUANA PLAZA RIO,BLVD PASEO DE LOS HEROES,Zona Urbana Río Tijuana,Tijuana,Baja California,Tijuana,22010,17.2,13.8,3.0,Febrero,32.5317397,-117.019529
Devlyn,Noroeste,Distrito 1,A744,TIJUANA PLAZA RIO II,BLVD PASEO DE LOS HEROES,Zona Urbana Río Tijuana,Tijuana,Baja California,Tijuana,22010,23.4,15.0,7.3,Febrero,32.5317397,-117.019529
Devlyn,Noroeste,Distrito 4,B933,CIMACO CULIACAN,BLVD PEDRO INFANTE,Portales Del Country,Culiacán,Sinaloa,Culiacán Rosales,80100,8.2,17.3,-7.7,Febrero,24.7978965,-107.393395
Devlyn,Centro,Distrito 4,A707,QUERETARO PLAZA DEL PARQUE,BLVD PROL. CORREGIDORA NTE,Álamos 3a Sección,Querétaro,Querétaro,Santiago de Querétaro,76160,-28.6,-25.4,-4.3,Febrero,20.5922997,-100.3917424
Devlyn,Noroeste,Distrito 5,A311,ANDARES GUADALAJARA,BLVD PUERTA DE HIERRO,Puerta de Hierro,Zapopan,Jalisco,Zapopan,45116,-6.9,-28.6,30.3,Febrero,20.71123837324243,-103.41698793080897
Devlyn,Noreste,Distrito 2,B432,SORIANA ALTAMIRA,BLVD PUERTO INDUSTRIAL,Altamira Centro,Altamira,Tamaulipas,Altamira,89600,-16.4,-27.9,16.0,Febrero,22.5630208,-98.11651838883341
Devlyn,Metropolitana,Distrito 4,A705,GALERIAS CHILPANCINGO,BLVD RENE JUAREZ CISNEROS,Balcones de Tepango,Chilpancingo de los Bravo,Guerrero,Chilpancingo de los Bravo,39095,-28.3,-25.4,-3.9,Febrero,17.3919748,-99.7428629297313
Devlyn,Noreste,Distrito 3,A982,PLAZA CADEREYTA,BLVD REVOLUCION,Cadereyta Jiménez Centro,Cadereyta Jiménez,Nuevo León,Cadereyta Jiménez,67480,-22.5,-20.0,-3.2,Febrero,25.517336999999998,-99.87117351720661
Devlyn,Noroeste,Distrito 4,A960,LOS MOCHIS PLAZA FIESTA,BLVD ROSALES Y ROSENDO G CASTRO,Primer Cuadro (Centro),Ahome,Sinaloa,Los Mochis,81200,-13.8,-34.8,32.2,Febrero,25.7928058,-108.990188
Devlyn,Noroeste,Distrito 3,A871,HERMOSILLO PLAZA DEL SOL,BLVD SOLIDARIDAD,Nueva Palmira Residencial,Hermosillo,Sonora,Hermosillo,83170,-21.1,-26.3,7.1,Febrero,29.0948207,-110.9692202
Devlyn,Noreste,Distrito 2,B838,PLAZA CAMPESTRE CD VICTORIA,BLVD TAMAULIPAS,San Ángel,Victoria,Tamaulipas,Ciudad Victoria,87027,-10.8,-29.4,26.4,Febrero,23.7389846,-99.1441352
Devlyn,Metropolitana,Distrito 5,A310,METEPEC PLAZA GALERIAS,BLVD TOLUCA IXTAPAN NTE,San Miguel,Metepec,Estado de México,Metepec,52140,-16.1,-15.8,-0.4,Febrero,19.25113375,-99.5937281303492
Coppel,Centro,Distrito 4,A585,COPPEL HIDALGO (TULA),BLVD TULA ITURBIDE,Centro,Tula de Allende,Hidalgo,Tula de Allende,42800,-13.1,-1.7,-11.6,Febrero,20.048948699999997,-99.37295616011426
Sears,Centro,Distrito 6,B283,LEON SEARS PLAZA MAYOR,BLVD VALLE DEL CAMPESTRE,Valle del Campestre,León,Guanajuato,León de los Aldama,37150,-0.1,7.7,-7.2,Febrero,21.121965,-101.6829766
Sears,Noreste,Distrito 1,B306,SEARS ALTARIA,BLVD ZACATECAS,Trojes de Alonso,Aguascalientes,Aguascalientes,Aguascalientes,20116,13.6,0.5,13.0,Febrero,21.880487,-102.2967195
Devlyn,Sur,Distrito 1,A778,GALERIAS MERIDA,CALLE 3,Revolución (Cordemex),Mérida,Yucatán,Mérida,97110,9.1,5.0,4.0,Febrero,20.9670759,-89.6237402
Devlyn,Sur,Distrito 1,A318,ALTA BRISA MALL MERIDA,CALLE 7,Altabrisa,Mérida,Yucatán,Mérida,97130,-6.5,-9.4,3.2,Febrero,20.9670759,-89.6237402
Sears,Sur,Distrito 1,B310,SEARS ALTABRISA,CALLE 7,Vista Alegre Norte,Mérida,Yucatán,Mérida,97130,-6.3,-28.8,31.7,Febrero,20.9670759,-89.6237402
Coppel,Sur,Distrito 1,B656,COPPEL HENEQUEN YUCATAN,CALLE 18,Centro Umán,Umán,Yucatán,Umán,97390,81.2,34.7,34.5,Febrero,20.8471315,-89.76791377224616
Devlyn,Sur,Distrito 1,A736,MERIDA PLAZA LAS AMERICAS,CALLE 21,Hacienda Inn,Mérida,Yucatán,Mérida,97229,25.9,2.0,23.5,Febrero,20.9670759,-89.6237402
Sears,Sur,Distrito 1,B930,SEARS MERIDA,CALLE 21,Miguel Hidalgo,Mérida,Yucatán,Mérida,97220,13.4,-8.0,23.2,Febrero,20.9670759,-89.6237402
Coppel,Sur,Distrito 1,B723,COPPEL TICUL,CALLE 21,Ticul Centro,Ticul,Yucatán,Ticul,97860,-11.5,-9.1,-2.7,Febrero,20.36438225,-89.5543068153996
Devlyn,Sur,Distrito 1,A320,CHAPUR GRAN MERIDA,CALLE 31,Privada Nuevo México,Mérida,Yucatán,Mérida,97125,5.6,4.3,1.3,Febrero,20.9670759,-89.6237402
Coppel,Sur,Distrito 1,A574,COPPEL MONTE DE PIEDAD (MERDA),CALLE 58,Jardines de San Sebastian,Mérida,Yucatán,Mérida,97000,3.3,-9.2,13.8,Febrero,20.9670759,-89.6237402
Devlyn,Sur,Distrito 1,A921,MERIDA CENTRO,CALLE 58,Jardines de San Sebastian,Mérida,Yucatán,Mérida,97000,-1.2,37.1,-28.0,Febrero,20.9670759,-89.6237402
Sears,Sur,Distrito 1,B276,SEARS MERIDA GRAN PLAZA,CALLE 60,Plan de Ayala,Mérida,Yucatán,Mérida,97118,-31.5,-15.3,-19.1,Febrero,20.9670759,-89.6237402
Devlyn,Sur,Distrito 1,A321,CHAPUR II GRAN MERIDA II,CALLE 63 X 45 Y 46,Jardines de San Sebastian,Mérida,Yucatán,Mérida,97000,57.1,-18.0,91.7,Febrero,20.9670759,-89.6237402
Devlyn,Noroeste,Distrito 1,B862,PLAZA SAN PEDRO MEXICALI,CALZ CETYS,Rivera,Mexicali,Baja California,Mexicali,21259,15.9,31.0,-11.5,Febrero,32.6405247,-115.474899
Sears,Metropolitana,Distrito 3,B275,COAPA SEARS,CANAL DE MIRAMONTES,Residencial Miramontes,Tlalpan,Ciudad de México,Ciudad de México,14300,7.0,-15.0,26.0,Febrero,19.30357650031654,-99.12454343752572
Devlyn,Metropolitana,Distrito 3,A305,GALERIAS COAPA,CANAL DE MIRAMONTES,Residencial Miramontes,Tlalpan,Ciudad de México,Ciudad de México,14300,-18.0,-5.8,-12.9,Febrero,19.30357650031654,-99.12454343752572
Devlyn,Metropolitana,Distrito 2,A832,GRAN PATIO TLAXCALA,CARR APIZACO - PUEBLA,Jesús,Apetatitlán de Antonio Carvajal,Tlaxcala,Apetatitlán de Antonio Carvajal,90610,7.7,7.0,0.7,Febrero,19.3505173,-98.19120205454091
Devlyn,Noreste,Distrito 3,A024,ESFERA MONTERREY,CARR CARRETERA NACIONAL,Cerradas De Valle Alto Residencial,Monterrey,Nuevo León,Monterrey,64984,-30.1,-21.5,-11.0,Febrero,25.6802019,-100.315258
Devlyn,Centro,Distrito 4,A313,ANTEA LIFESTYLE QUERETARO,CARR CARRETERA QUERÉTARO - SAN LUIS POTOSÍ,Palmares,Querétaro,Querétaro,Santiago de Querétaro,76127,-11.1,-14.9,4.5,Febrero,20.5922997,-100.3917424
Coppel,Noreste,Distrito 1,A601,COPPEL LOS PINOS (S.L.P),CARR CARRETERA SAN LUIS - RIOVERDE,Jardines del Valle,Soledad de Graciano Sánchez,San Luis Potosí,Soledad de Graciano Sánchez,78437,6.2,17.5,-9.6,Febrero,22.297055450000002,-100.86719560926427
Devlyn,Noreste,Distrito 1,A918,CITADINA SLP,CARR CARRETERA SAN LUIS POTOSI - MATEHUALA,Soledad De Graciano Sánchez Centro,Soledad de Graciano Sánchez,San Luis Potosí,Soledad de Graciano Sánchez,78430,43.3,32.0,8.6,Febrero,22.297055450000002,-100.86719560926427
Coppel,Sur,Distrito 5,A699,COPPEL ACAYUCAN,CARR COATZACOALCOS A SALINA CRUZ KM. 62/480,Oluta,Oluta,Veracruz de Ignacio de la Llave,Oluta,96160,-17.1,-12.3,-5.4,Febrero,17.895933749999998,-94.90486831025073
Coppel,Sur,Distrito 5,A641,COPPEL 5 DE FEBRESO (SAN ANDRES TUXTLA),CARR COSTERA DEL GOLFO,San Pedro,San Andrés Tuxtla,Veracruz de Ignacio de la Llave,San Andrés Tuxtla,95730,11.4,-7.5,20.4,Febrero,18.4633672,-95.19831533920046
Devlyn,Centro,Distrito 2,B140,PLAZA CENTELLA,CARR CUAUTITLAN TULTEPEC,Dos Ríos Primera Sección,Cuautitlán,Estado de México,Cuautitlán,54850,23.0,10.9,11.0,Febrero,19.705518249999997,-99.16662568774402
Devlyn,Metropolitana,Distrito 1,B003,CC EL CORTIJO IXTAPALUCA,CARR FEDERAL MEXICO-CUAUTLAKM 37,Santa Bárbara,Ixtapaluca,Estado de México,Ixtapaluca,56538,-3.7,4.1,-7.4,Febrero,19.32929,-98.80827450406431
Sears,Sur,Distrito 6,B303,SEARS PLAZA LAS AMERICAS XALAPA,CARR FEDERAL XALAPA-VERACRUZ KM 2.5,Rubí Ánimas,Xalapa,Veracruz de Ignacio de la Llave,Xalapa-Enríquez,91193,11.2,17.9,-5.7,Febrero,19.5408338,-96.9146374
Devlyn,Sur,Distrito 6,A763,PLAZA LAS AMERICAS XALAPA,CARR FEDERAL XALAPA-VERACRUZ KM 25,Villa Animas,Xalapa,Veracruz de Ignacio de la Llave,Xalapa-Enríquez,91198,-7.1,-6.9,-0.2,Febrero,19.5408338,-96.9146374
Devlyn,Centro,Distrito 2,B744,DEVLYN HUEHUETOCA,CARR JOROBAS-TULA,Huehuetoca,Huehuetoca,Estado de México,Tezoyuca,54680,-5.8,-21.0,19.2,Febrero,19.5902244,-98.9079359
Devlyn,Metropolitana,Distrito 2,B816,GALERIAS TLAXCALA,CARR LIBRAMIENTO,San Sebastián Atlahapa,Tlaxcala,Tlaxcala,Tlaxcala de Xicohténcatl,90111,25.6,0.0,25.6,Febrero,19.3167101,-98.2386138
Devlyn,Noreste,Distrito 4,B139,PLAZA PERIFERICO,CARR LIBRE MONTERREY-REYNOSA,Valle Verde,Reynosa,Tamaulipas,Reynosa,88720,-13.0,-4.4,-9.0,Febrero,26.0907673,-98.2788191
Devlyn,Noroeste,Distrito 1,B730,TIJUANA SENDERO,CARR LIBRE TIJUANA,Fideicomiso el Florido,Tijuana,Baja California,Tijuana,22245,2.4,30.2,-21.3,Febrero,32.5317397,-117.019529
Devlyn,Noroeste,Distrito 1,B489,SUPERCENTER PABELLON GRAND,CARR LIBRE TIJUANA,Lepro,Playas de Rosarito,Baja California,Playas de Rosarito,22704,0.2,2.4,-2.1,Febrero,32.365166,-117.0557923
Devlyn,Noreste,Distrito 5,A897,SENDERO SALTILLO,CARR LOS GONZALEZ,Valle de Santa Elena,Saltillo,Coahuila de Zaragoza,Saltillo,25023,-10.2,-4.5,-6.0,Febrero,25.4230425,-100.9927509
Coppel,Noreste,Distrito 2,A592,Coppel Cd Valles,CARR MEXICO LAREDO,San Luis Poniente,Ciudad Valles,San Luis Potosí,Ciudad Valles,79082,22.8,-11.8,39.2,Febrero,22.075792399999997,-99.07337577278943
Devlyn,Centro,Distrito 2,B898,POWER CENTER TECAMAC,CARR MEXICO PACHUCA KM 36.5,Ampliación 5 de Mayo,Tecámac,Estado de México,Tecámac de Felipe Villanueva,55749,-17.8,-14.6,-3.8,Febrero,19.7115011,-98.968354
Sears,Sur,Distrito 6,B302,SEARS ALUMINIO,CARR MEXICO-JALAPA KM 4353,Valle Alto,Veracruz,Veracruz de Ignacio de la Llave,Veracruz,91697,-48.2,-52.7,9.5,Febrero,19.2003429,-96.1383572
Devlyn,Metropolitana,Distrito 5,B021,OUTLET LERMA,CARR MEXICO-TOLUCA KM,Lerma de Villada Centro,Lerma,Estado de México,Tezoyuca,52000,12.1,18.2,-5.1,Febrero,19.5902244,-98.9079359
Devlyn,Metropolitana,Distrito 3,B002,CHEDRAUI AJUSCO,CARR PICACHO AJUSCO,Héroes de Padierna,Tlalpan,Ciudad de México,Ciudad de México,14200,-9.3,11.9,-18.9,Febrero,19.4326296,-99.1331785
Devlyn,Noreste,Distrito 2,B856,GRAN PATIO POZA RICA,CARR POZA RICA - CAZONES,La Rueda,Poza Rica de Hidalgo,Veracruz de Ignacio de la Llave,Poza Rica de Hidalgo,93306,-29.5,-13.2,-18.7,Febrero,20.537657449999998,-97.44512479987276
Devlyn,Noreste,Distrito 2,B415,TAMPICO SORIANA  AEROPUERTO,CARR TAMPICO-MANTE,Francisco Javier Mina,Tampico,Tamaulipas,Tampico,89318,48.8,5.6,40.9,Febrero,22.27010965,-97.89486735598555
Devlyn,Sur,Distrito 4,A906,PLAZA TAPACHULA,CARR TAPACHULA PUERTO MADERO KM 2.5,Ecológico las Hortensias,TAPACHULA DE CÓRDOVA Y ORDÓÑEZ,Chiapas,Tapachula de Córdova y Ordóñez,30797,3.9,1.1,2.7,Febrero,14.9042905,-92.2609265
Coppel,Metropolitana,Distrito 5,A678,COPPEL PLAZA SANTIN,CARR TOLUCA,Barrio San Gabriel,Toluca,Estado de México,Toluca de Lerdo,50200,38.0,19.1,15.8,Febrero,19.292545,-99.6569007
Devlyn,Sur,Distrito 5,A824,MINATITLAN PLAZA CRISTAL,CARR TRANSISMICA,Rosalinda,Minatitlán,Veracruz de Ignacio de la Llave,Minatitlán,96710,8.7,18.2,-8.1,Febrero,17.992773,-94.5567103
Devlyn,Sur,Distrito 5,B741,LA FLORIDA ACAYUCAN,CARR TRANSISMICA OLUTA - ACAYUCAN KM 62 + 480,Oluta,Oluta,Veracruz de Ignacio de la Llave,Oluta,96160,15.5,29.0,-10.5,Febrero,17.895933749999998,-94.90486831025073
Coppel,Noroeste,Distrito 1,A584,COPPEL PLAZA LAS PALMERAS,CARR TRANSPENINSULAR,Nuevo Reforma II,Ensenada,Baja California,Ensenada,22812,-3.6,7.9,-10.6,Febrero,31.8658887,-116.602983
Devlyn,Noroeste,Distrito 3,B777,WALMART SAN LUCAS,CARR TRANSPENINSULAR SAN LUCAS LA PAZKM2.5,Cabo San Lucas Country Club,Los Cabos,Baja California Sur,Cabo San Lucas,23463,-8.9,-20.7,14.9,Febrero,22.8938884,-109.92006
Devlyn,Sur,Distrito 4,B855,AMBAR FASHION MALL,CARR TUXTLA-CHIAPA DE CORZO,El Retiro,Tuxtla Gutiérrez,Chiapas,Tuxtla Gutiérrez,29040,-19.7,-21.1,1.7,Febrero,16.753801,-93.115959
Coppel,Centro,Distrito 2,A681,COPPEL PLAZA ZUMPANGO,CARR ZUMPANGO-LOS REYES ACOZAC,Buenavista,Zumpango,Estado de México,Zumpango,55635,-21.6,-34.8,20.2,Febrero,19.81293675,-99.08180953352705
Devlyn,Centro,Distrito 2,A940,PLAZA ZUMPANGO,CARR ZUMPANGO-LOS REYES ACOZAC,Villas 2000,Zumpango,Estado de México,Zumpango,55607,-0.4,-31.7,45.8,Febrero,19.81293675,-99.08180953352705
Devlyn,Metropolitana,Distrito 2,B873,EXPLANADA PUEBLA,CASA BLANCA SAN FCO OCOTLAN,Residencial De Jesús,San Pedro Cholula,Puebla,San Pedro Cholula,72760,8.4,15.8,-6.3,Febrero,19.0724114,-98.32236707919591
Devlyn,Centro,Distrito 1,A703,SATELITE I,CIRC C. COMERCIAL,Club Cuicacalli,Naucalpan de Juárez,Estado de México,Naucalpan de Juárez,53100,5.8,-14.9,24.3,Febrero,19.4788356,-99.2327986
Devlyn,Centro,Distrito 1,A304,SATELITE II,CIRC C. COMERCIAL,Club Cuicacalli,Naucalpan de Juárez,Estado de México,Naucalpan de Juárez,53100,-0.3,-7.8,8.1,Febrero,19.4788356,-99.2327986
Devlyn,Centro,Distrito 1,B099,PLAZA SATELITE III,CIRC CENTRO COMERCIAL,Club Cuicacalli,Naucalpan de Juárez,Estado de México,Naucalpan de Juárez,53100,2.1,6.3,-4.0,Febrero,19.4788356,-99.2327986
Devlyn,Metropolitana,Distrito 5,A783,GALERIAS TOLUCA,CIRC PASEO TOLLOCAN,Villas de Santa Ana III,Toluca,Estado de México,Toluca de Lerdo,50160,14.7,2.7,11.7,Febrero,19.292545,-99.6569007
Devlyn,Metropolitana,Distrito 2,A889,PASEO TEHUACAN,CLZDA ADOLFO LOPEZ MATEOS,Aquiles Serdán,Tehuacán,Puebla,Tehuacán,75750,-11.0,-9.7,-1.4,Febrero,18.465801149999997,-97.39783479972402
Devlyn,Noroeste,Distrito 3,A977,GUAYMAS EL VIGIA,CLZDA AGUSTIN GARCIA LOPEZ,Mariana,Guaymas,Sonora,Heroica Guaymas,85440,-22.0,-11.8,-11.6,Febrero,27.9216441,-110.8994059
Devlyn,Centro,Distrito 6,B010,OUTLET MORELIA,CLZDA CALZ.LA HUERTA,Ampliación Hacienda de la Huerta,Morelia,Michoacán de Ocampo,Morelia,58080,9.0,14.0,-4.4,Febrero,19.6546004,-101.26237972291207
Devlyn,Metropolitana,Distrito 3,A804,PLAZA FIESTA VILLA COAPA,CLZDA DEL HUESO,Los Girasoles,Coyoacán,Ciudad de México,Ciudad de México,04920,-5.3,-5.4,0.1,Febrero,19.4326296,-99.1331785
Devlyn,Metropolitana,Distrito 3,A831,CHEDRAUI COAPA,CLZDA DEL HUESO,Los Sauces,Coyoacán,Ciudad de México,Ciudad de México,04940,-24.5,-20.5,-5.0,Febrero,19.4326296,-99.1331785
Devlyn,Noreste,Distrito 5,B434,TORREON SORIANA,CLZDA DIVISION DEL NORTE,La Hacienda Oriente,Torreón,Coahuila de Zaragoza,Torreón,27276,-13.4,0.7,-14.0,Febrero,25.542698,-103.410512
Coppel,Sur,Distrito 6,A687,COPPEL CD CARDEL VERACRUZ,CLZDA EMILIANO ZAPATA,José Cardel Centro,La Antigua,Veracruz de Ignacio de la Llave,José Cardel,91680,-19.2,-33.9,22.2,Febrero,19.3711744,-96.3774818
Coppel,Metropolitana,Distrito 1,A610,COPPEL SANTA MARTHA,CLZDA ERMITA IZTAPALAPA,Santa Martha Acatitla,Iztapalapa,Ciudad de México,Ciudad de México,09510,-44.3,-38.2,-9.8,Febrero,19.4326296,-99.1331785
Devlyn,Centro,Distrito 3,A808,PLAZA TEPEYAC,CLZDA GUADALUPE,7 de Noviembre,Gustavo A. Madero,Ciudad de México,Ciudad de México,07840,-37.6,-33.8,-5.7,Febrero,19.4326296,-99.1331785
Devlyn,Metropolitana,Distrito 2,B772,PARQUE PUEBLA,CLZDA IGNACIO ZARAGOZA,Corredor Industrial La Ciénega,Puebla,Puebla,Heroica Puebla de Zaragoza,72220,8.2,23.5,-12.4,Febrero,19.0437196,-98.1981486
Coppel,Metropolitana,Distrito 1,A577,COPPEL TEPALCATES (IZTAPALAPA),CLZDA IGNACIO ZARAGOZA,Juan Escutia,Iztapalapa,Ciudad de México,Ciudad de México,09100,29.3,41.5,-8.6,Febrero,19.4326296,-99.1331785
Devlyn,Noroeste,Distrito 4,B727,SENDERO CULIACAN,CLZDA JOSE LIMON CALZADA,Privada La Rivera,Culiacán,Sinaloa,Culiacán Rosales,80020,-2.1,4.6,-6.4,Febrero,24.7978965,-107.393395
Devlyn,Centro,Distrito 1,A077,VIA VALLEJO,CLZDA VALLEJO,Industrial Vallejo,Azcapotzalco,Ciudad de México,Ciudad de México,02300,-14.9,-17.6,3.4,Febrero,19.4326296,-99.1331785
Devlyn,Noroeste,Distrito 5,B783,COLON II CENTRO (GDL),COLON,Guadalajara Centro,Guadalajara,Jalisco,Guadalajara,44100,23.4,-3.4,27.7,Febrero,20.6647,-103.35233
Sears,Noreste,Distrito 5,B295,SEARS CENTRO DURANGO,CONSTITUCION,Privada del Sahuaro,Durango,Durango,Victoria de Durango,34000,-11.3,36.7,-35.1,Febrero,24.022008,-104.654741
Devlyn,Noroeste,Distrito 3,A919,PUNTO LA PAZ,CONSTITUYENTES 1975,La Esperanza 3,La Paz,Baja California Sur,La Paz,23090,-36.9,41.9,-55.5,Febrero,24.1619948,-110.3158532
Devlyn,Noroeste,Distrito 3,B058,SENDERO LOS CABOS,DE LAS BRISAS,Altos de Miramar,Los Cabos,Baja California Sur,Cabo San Lucas,23456,16.8,-16.5,39.8,Febrero,22.8938884,-109.92006
Devlyn,Noreste,Distrito 2,B888,PLAZA CRYSTAL TUXPAN,DEMETRIO RUIZ MALERMA,Rosa Maria,Tuxpan,Veracruz de Ignacio de la Llave,Túxpam de Rodríguez Cano,92860,5.7,-17.7,28.4,Febrero,20.9518378,-97.4045371
Sears,Centro,Distrito 5,B753,SEARS CELAYA 2,EJE NORPONIENTE,Palma Real,Celaya,Guanajuato,Celaya,38080,-13.0,0.0,-13.0,Febrero,20.522285099999998,-100.83077392892065
Coppel,Centro,Distrito 5,A643,COPPEL PARQUE CELAYA,EJE NORPONIENTE,Providencia,Celaya,Guanajuato,Celaya,38020,6.9,2.8,4.0,Febrero,20.522285099999998,-100.83077392892065
Devlyn,Centro,Distrito 5,A776,PARQUE CELAYA,EJE NORPONIENTE,Providencia,Celaya,Guanajuato,Celaya,38020,70.9,27.6,34.0,Febrero,20.522285099999998,-100.83077392892065
Devlyn,Centro,Distrito 5,A733,GALERIAS CELAYA,EJE NORPONIENTE,Santa Teresa,Celaya,Guanajuato,Celaya,38080,31.1,63.3,-19.7,Febrero,20.522285099999998,-100.83077392892065
Devlyn,Noreste,Distrito 4,B412,CD ACUÑA SORIANA,EMILIO MENDOZA,Amistad,Acuña,Coahuila de Zaragoza,Ciudad Acuña,26248,6.9,-23.1,39.1,Febrero,29.338917205985794,-100.99026632376322
Devlyn,Metropolitana,Distrito 3,B938,HOSPITAL DE LA LUZ,EZEQUIEL MONTES,Tabacalera,Cuauhtémoc,Ciudad de México,Ciudad de México,06030,-13.3,-14.6,1.6,Febrero,19.43526245,-99.15648095
Coppel,Metropolitana,Distrito 5,A615,COPPEL GUADALUPE VICTORIA (TENANCINGO),GUADALUPE VICTORIA SUR,La Barranca,Tenancingo,Estado de México,Tezoyuca,52400,102.3,44.4,40.1,Febrero,19.5902244,-98.9079359
Devlyn,Centro,Distrito 5,A974,IRAPUATO CENTRO,GUERRERO,Irapuato Centro,Irapuato,Guanajuato,Irapuato,36500,-45.5,-25.9,-26.4,Febrero,20.674923394728616,-101.34752087919826
Sears,Centro,Distrito 5,B285,SEARS CENTRO (IRAPUATO),GUERRERO Y CORTAZAR,Irapuato Centro,Irapuato,Guanajuato,Irapuato,36500,8.4,3.4,4.8,Febrero,20.6758761,-101.3521052
Devlyn,Metropolitana,Distrito 4,B006,CUERNAVACA CENTRO II,GUTENBERG,Cuernavaca Centro,Cuernavaca,Morelos,Cuernavaca,62000,-46.0,-39.5,-10.8,Febrero,18.93313205,-99.25995794657074
Devlyn,Centro,Distrito 1,B905,OUTLET PUNTA NORTE,HDA DE SIERRA VIEJA,Torres Algibe,Cuautitlán Izcalli,Estado de México,Cuautitlán Izcalli,54769,47.7,22.2,20.8,Febrero,19.6531356,-99.2145002
Devlyn,Noreste,Distrito 3,B787,PLAZOLETA GARCIA,HEBERTO CASTILLO MARTINEZ,Las Villas,García,Nuevo León,García,66004,6.0,1.5,4.5,Febrero,25.8054661,-100.63964675280096
Coppel,Noreste,Distrito 2,A539,Coppel Centro Cd Valles,HIDALGO,Ciudad Valles Centro,Ciudad Valles,San Luis Potosí,Ciudad Valles,79000,-6.0,-5.0,-1.1,Febrero,21.9861759,-99.01909357941776
Coppel,Noroeste,Distrito 5,A613,COPPEL IXTLAN DEL RIO,HIDALGO,Ixtlán Del Río Centro,Ixtlán del Río,Nayarit,Ixtlán del Río,63950,12.9,5.6,6.9,Febrero,21.02905655,-104.32773695848007
Coppel,Centro,Distrito 5,A654,COPPEL HIDALGO (PENJAMO),HIDALGO,Pénjamo Centro,Pénjamo,Guanajuato,Pénjamo,36900,13.8,26.7,-10.2,Febrero,20.4302462,-101.7235598
Devlyn,Centro,Distrito 4,B469,TULANCINGO CENTRO,HIDALGO,Tulancingo Centro,Tulancingo de Bravo,Hidalgo,Tulancingo,43600,32.7,6.9,24.1,Febrero,20.0839585,-98.3635381
Devlyn,Metropolitana,Distrito 4,A798,ACAPULCO CENTRO,IGNACIO DE LA LLAVE,Pozo de La Nación,Acapulco de Juárez,Guerrero,Acapulco de Juárez,39300,-60.1,-53.7,-13.9,Febrero,16.846883106918348,-99.90787700473304
Devlyn,Centro,Distrito 3,B939,PARQUE TEPEYAC,ING EDUARDO MOLINA,Granjas Modernas,Gustavo A. Madero,Ciudad de México,Ciudad de México,07460,9.2,10.2,-0.9,Febrero,19.4326296,-99.1331785
Coppel,Noreste,Distrito 2,A596,COPPEL LAS ADELITAS (CD VICTORIA),JESUS ELIAS PIÑA,Naciones Unidas,Victoria,Tamaulipas,Ciudad Victoria,87049,13.3,-3.1,17.0,Febrero,23.7389846,-99.1441352
Coppel,Noreste,Distrito 4,A595,COPPEL PLAZA FIES,JIMENEZ,Las Fuentes,Piedras Negras,Coahuila de Zaragoza,Piedras Negras,26010,39.2,-7.1,49.9,Febrero,28.704596,-100.5167137
Devlyn,Centro,Distrito 1,A931,DEVLYN CUAJIMALPA,JOSE MA CASTORENA,Cuajimalpa,Cuajimalpa de Morelos,Ciudad de México,Ciudad de México,05000,-48.4,-47.8,-1.0,Febrero,19.4326296,-99.1331785
Coppel,Noreste,Distrito 2,A683,COPPEL MORELOS CD VICTORIA,JOSE MARIA MORELOS,Los Fresnos,Victoria,Tamaulipas,Ciudad Victoria,87000,21.9,9.6,11.2,Febrero,23.7389846,-99.1441352
Devlyn,Noreste,Distrito 2,B887,HIPER LAS PALMAS CD VICTORIA,JUAN B TIJERINA,Las Palmas,Victoria,Tamaulipas,Ciudad Victoria,87140,98.9,-4.5,108.4,Febrero,23.7389846,-99.1441352
Coppel,Centro,Distrito 5,A573,COPPEL JUAREZ (CORTAZAR),JUAREZ,Cortazar Centro,Cortazar,Guanajuato,Cortazar,38300,11.1,-8.1,20.9,Febrero,20.488459012326793,-100.96296293201398
Coppel,Sur,Distrito 3,A614,COPPEL JUAREZ (HUIMANGUILLO),JUAREZ,Pedro C Colorado,Huimanguillo,Tabasco,Huimanguillo,86400,-45.4,-23.2,-28.9,Febrero,17.7620967,-93.66344080511583
Devlyn,Centro,Distrito 5,B044,SALAMANCA CENTRO,JUAREZ,Salamanca Centro,Salamanca,Guanajuato,Salamanca,36700,9.2,16.8,-6.5,Febrero,20.6511359,-101.16676697826568
Coppel,Centro,Distrito 6,A659,COPPEL ALHONDIGA (GUANAJUATO),JUÁREZ,Guanajuato Centro,Guanajuato,Guanajuato,Guanajuato,36000,11.7,1.9,9.7,Febrero,20.726677433599342,-101.95132989850931
Coppel,Sur,Distrito 3,A646,COPPEL MACUSPANA,LERDO DE TEJADA,Nicolás Bravo,Macuspana,Tabasco,Macuspana,86700,35.0,1.1,33.5,Febrero,17.8556822,-92.4223905822218
Devlyn,Noreste,Distrito 5,A740,TORREON GALERIAS LA LAGUNA,LIBRAMIENTO DE TORREON,Residencial los Fresnos,Torreón,Coahuila de Zaragoza,Torreón,27018,-6.6,12.6,-17.0,Febrero,25.542698,-103.410512
Devlyn,Noreste,Distrito 1,A967,AGUASCALIENTES MADERO,MADERO,Aguascalientes Centro,Aguascalientes,Aguascalientes,Aguascalientes,20000,32.1,-10.6,47.7,Febrero,21.880487,-102.2967195
Coppel,Centro,Distrito 5,A636,COPPEL MICHOACAN (DOLORES HIDALGO),MICHOACAN,Centro Dolores Hidalgo,Dolores Hidalgo Cuna de la Independencia Nacional,Guanajuato,Dolores Hidalgo Cuna de la Independencia Nacional,37800,19.1,9.0,9.2,Febrero,21.157007590543014,-100.9347539960722
Coppel,Centro,Distrito 5,A676,COPPEL HIDALGO (CUERAMARO),MIGUEL HIDALGO,El Tigre,Cuerámaro,Guanajuato,Cuerámaro,36960,-1.6,-8.6,7.6,Febrero,20.627053200974867,-101.67385375629893
Devlyn,Metropolitana,Distrito 5,B874,TOWN SQUARE METEPEC,MIGUEL HIDALGO,Rancho la Providencia,Metepec,Estado de México,Metepec,52177,10.1,32.8,-17.1,Febrero,19.25113375,-99.5937281303492
Devlyn,Metropolitana,Distrito 4,B057,AV. HIDALGO CENTRO TAXCO,MIGUEL HIDALGO,Taxco de Alarcón Centro,Taxco de Alarcón,Guerrero,Taxco de Alarcón,40200,-39.1,-31.5,-11.1,Febrero,18.5565446,-99.6052838
Devlyn,E-commerce Devlyn,Distrito 0,B121,OPTICA DEVLYN ON LINE,NORTE 45,Industrial Vallejo,Azcapotzalco,Ciudad de México,Ciudad de México,02300,-28.7,-24.7,-5.3,Febrero,19.4963557,-99.1597679
Devlyn,Metropolitana,Distrito 3,A737,GALERIAS INSURGENTES,PARROQUIA,Insurgentes San Borja,Benito Juárez,Ciudad de México,Ciudad de México,03100,-9.5,-14.8,6.2,Febrero,19.387198750000003,-99.17683147956211
Devlyn,Centro,Distrito 5,B487,WALMART SUPERCENTER IRAPUATO,PASEO IRAPUATO,Santa María 2a Sección,Irapuato,Guanajuato,Irapuato,36640,-36.9,-25.5,-15.3,Febrero,20.6758761,-101.3521052
Sears,Noroeste,Distrito 5,B751,SEARS COLIMA 3ER ANILLO PER,PERIF 3ER ANILLO PERIFERICO,Hacienda Real,Colima,Colima,Colima,28018,-13.9,-17.8,4.8,Febrero,19.2433991,-103.7280738
Coppel,Sur,Distrito 3,A589,COPPEL CARDENAS (TABASCO),PERIF CARLOS MOLINA,Cárdenas Centro,Cárdenas,Tabasco,Cárdenas,86500,5.6,-7.7,14.4,Febrero,18.169369500000002,-93.70522924168885
Devlyn,Sur,Distrito 3,A786,ALTABRISA TABASCO,PERIF CARLOS PELLICER CAMARA,Primero de Mayo,Centro,Tabasco,Villahermosa,86190,-4.0,5.5,-9.0,Febrero,17.9884657,-92.9366326
Sears,Sur,Distrito 3,B291,SEARS ALTABRISA TABASCO,PERIF CARLOS PELLICER CAMARA,Primero de Mayo,Centro,Tabasco,Villahermosa,86190,48.8,-24.1,96.1,Febrero,17.9884657,-92.9366326
Devlyn,Metropolitana,Distrito 4,B047,GALERIA TAMARINDOS,PERIF OTE,Iguala de La Independencia Centro,Iguala de la Independencia,Guerrero,Iguala de la Independencia,40000,-28.2,-37.1,14.0,Febrero,18.3466358,-99.5376944
Devlyn,Metropolitana,Distrito 1,B771,LAS ANTENAS,PERIF PERIFERICO,La Esperanza,Iztapalapa,Ciudad de México,Ciudad de México,09910,20.2,-4.4,25.7,Febrero,19.3143977,-99.0765005
Devlyn,Noroeste,Distrito 2,A738,CHIH. PLAZA. DEL SOL,PERIF PERIFERICO DE LA JUVENTUD,Plaza del Sol,Chihuahua,Chihuahua,Chihuahua,31207,-13.2,-37.5,39.0,Febrero,28.6368669,-106.076745
Sears,Noroeste,Distrito 2,B296,SEARS PZA DEL SOL CHIH.,PERIF PERIFERICO DE LA JUVENTUD,Quintas del Sol,Chihuahua,Chihuahua,Chihuahua,31214,14.1,22.8,-7.0,Febrero,28.6368669,-106.076745
Devlyn,Noroeste,Distrito 5,A885,GUADALAJARA CENTRO SUR,PERIF PERIFERICO SUR,Tulipanes,San Pedro Tlaquepaque,Jalisco,Tlaquepaque,45601,38.5,-10.2,54.1,Febrero,20.6397718,-103.3120428
Devlyn,Noroeste,Distrito 3,A944,HERMOSILLO SAHUARO,PERIF PONIENTE,Pimentel,Hermosillo,Sonora,Hermosillo,83188,-7.0,3.4,-10.0,Febrero,29.0948207,-110.9692202
Sears,Noreste,Distrito 5,B297,TORREON SEARS GALERIAS LA LAGUNA,PERIF RAUL LOPEZ SANCHEZ,Residencial el Fresno,Torreón,Coahuila de Zaragoza,Torreón,27018,10.2,18.6,-7.1,Febrero,25.542698,-103.410512
Devlyn,Metropolitana,Distrito 3,A317,CENTRO COMERCIAL PERISUR,PERIF SUR,Jardines del Pedregal de San Ángel,Coyoacán,Ciudad de México,Ciudad de México,04500,3.4,0.6,2.8,Febrero,19.302660965305087,-99.18838708021454
Devlyn,Noreste,Distrito 4,A882,REYNOSA PERIFÉRICO,PERIFERICO CRUCE LIBRAMIENTO SUR,Granjas Económicas del Norte,Reynosa,Tamaulipas,Reynosa,88730,-27.4,-28.8,1.9,Febrero,26.0907673,-98.2788191
Coppel,Centro,Distrito 6,A630,COPPEL PINO SUAREZ (SILAO),PINO SUÁREZ,Silao Centro,Silao de la Victoria,Guanajuato,Silao,36100,-13.6,70.7,-49.4,Febrero,20.94601182835769,-101.42791705368097
Devlyn,Centro,Distrito 6,B033,PLAZA BICENTENARIO CENTRO (L. MORENO),PLAZA CENTENARIO HIDALGO,Lagos de Moreno Centro,Lagos de Moreno,Jalisco,Lagos de Moreno,47400,26.4,14.3,10.6,Febrero,21.533030099999998,-101.81995710355704
Devlyn,Noreste,Distrito 1,A912,ADANA AGUASCALIENTES,PREDIO SOLAR URBANO,Haciendas de Aguascalientes,Aguascalientes,Aguascalientes,Aguascalientes,20196,7.7,-7.0,15.8,Febrero,21.880487,-102.2967195
Devlyn,Sur,Distrito 3,A865,DEVLYN LAS AMERICAS (VHSA),PROFESOR RAMON MENDOZA,José María Pino Suárez,Centro,Tabasco,Villahermosa,86029,4.5,-9.6,15.6,Febrero,17.9884657,-92.9366326
Coppel,Metropolitana,Distrito 1,A579,COPPEL PLAZA LA MORENA (TEXCOCO),PROL 16 DE SEPTIEMBRE,Texcoco de Mora Centro,Texcoco,Estado de México,Texcoco de Mora,56100,-3.8,14.6,-16.1,Febrero,19.5144327,-98.8821254
Devlyn,Centro,Distrito 1,A708,PABELLON BOSQUES,PROL BOSQUES DE REFORMA,Lomas de Vista Hermosa,Cuajimalpa de Morelos,Ciudad de México,Ciudad de México,05100,11.6,3.3,8.0,Febrero,19.377169917863416,-99.25975967841131
Coppel,Centro,Distrito 5,A695,COPPEL CODO SAN MIGUEL ALLENDE,PROL CODO,San Miguel de Allende Centro,San Miguel de Allende,Guanajuato,San Miguel de Allende,37700,54.6,-1.9,57.7,Febrero,20.9130501,-100.73566002666199
Devlyn,Sur,Distrito 6,A805,VERACRUZ PLAZA CRISTAL,PROL DIAZ MIRON,Del Maestro,Veracruz,Veracruz de Ignacio de la Llave,Veracruz,91920,21.4,1.4,19.8,Febrero,19.2003429,-96.1383572
Devlyn,Centro,Distrito 4,B031,AV. JUAREZ CENTRO (QUERETARO),PROL JUAREZ NORTE,Centro,Querétaro,Querétaro,Santiago de Querétaro,76000,8.0,-9.5,19.4,Febrero,20.5922997,-100.3917424
Devlyn,Sur,Distrito 4,B181,DEVLYN PLAZA CHEDRAUI II,PROL LAS PALOMAS 4TA SUR,Cantarranas,TAPACHULA DE CÓRDOVA Y ORDÓÑEZ,Chiapas,Tapachula de Córdova y Ordóñez,30797,1.2,-3.5,4.9,Febrero,14.9042905,-92.2609265
Devlyn,Noreste,Distrito 1,A951,MORELOS CENTRO (S.L.P),PROL MORELOS,San Luis Potosí Centro,San Luis Potosí,San Luis Potosí,San Luis Potosí,78000,20.5,19.7,0.7,Febrero,22.1516472,-100.9763993
Devlyn,Sur,Distrito 3,A724,DEVLYN TABASCO 2000 (VHSA),PROL PASEO TABASCO,Real de Minas,Centro,Tabasco,Villahermosa,86035,8.2,-17.9,31.8,Febrero,17.9884657,-92.9366326
Devlyn,Sur,Distrito 3,A811,DEVLYN CHEDRAUI CRYSTAL (VHSA),QUINTIN ARAUZ,Primero de Mayo,Centro,Tabasco,Villahermosa,86190,-33.2,-6.5,-28.6,Febrero,17.978457249999998,-92.9347626
Devlyn,Metropolitana,Distrito 3,B818,MITIKAH,REAL MAYORAZGO,Xoco,Benito Juárez,Ciudad de México,Ciudad de México,03330,-7.4,-10.3,3.2,Febrero,19.361452498106505,-99.16992289587209
Devlyn,Noreste,Distrito 3,B879,PUNTO VALLE MTY,RIO MISSOURI,Jardines Del Valle,San Pedro Garza García,Nuevo León,San Pedro Garza García,66220,-6.7,-19.5,15.8,Febrero,25.65271255,-100.37223790945575
Coppel,Noreste,Distrito 2,A527,COPPEL DIAZ MIRON TAMPICO,SALVADOR DIAZ MIRON,Tampico Centro,Tampico,Tamaulipas,Tampico,89000,20.6,-32.8,79.4,Febrero,22.27010965,-97.89486735598555
Sears,Noreste,Distrito 2,B265,TAMPICO SEARS,SALVADOR DIAZ MIRON,Tampico Centro,Tampico,Tamaulipas,Tampico,89000,-31.7,18.6,-42.4,Febrero,22.27010965,-97.89486735598555
Coppel,Centro,Distrito 5,A612,COPPEL SANCHEZ TORRADO (SALAMANCA),SANCHEZ TORRADO,Salamanca Centro,Salamanca,Guanajuato,Salamanca,36700,-37.7,4.3,-40.2,Febrero,20.574300422499697,-101.19930414951185
Devlyn,Noreste,Distrito 1,B041,ZACATECAS CENTRO II,TACUBA,Zacatecas Centro,Zacatecas,Zacatecas,Zacatecas,98000,-29.6,-27.5,-3.0,Febrero,22.7753891,-102.5722706
Devlyn,Noreste,Distrito 2,B409,SORIANA CIUDAD MANTE,VICENTE GUERRERO,Ciudad Mante Centro,El Mante,Tamaulipas,Ciudad Mante,89800,-26.1,3.4,-28.5,Febrero,22.7411278,-98.9714093
Devlyn,Noreste,Distrito 4,A991,PIEDRAS NEGRAS CENTRO,ZARAGOZA,Piedras Negras Centro,Piedras Negras,Coahuila de Zaragoza,Piedras Negras,26000,-33.7,-38.2,7.4,Febrero,28.704596,-100.5167137
Total General,Total General,Total General,Total General,Total General,Total General,Total General,Total General,Total General,,Total General,-1.1,-4.7,3.8,Febrero,,
